06ab5cd6-7c8c-4c5e-8bed-128dd825128a,2018-03-05T01:20:05Z,broocroft0@cnbc.com,Benoit,Roocroft
ef72e45f-464a-44d5-a102-7d35cd3d7f9d,2018-03-10T03:37:07Z,ecahani1@chron.com,Ema,Cahani
fd58835a-b5d5-4df9-8edf-c128f92f1823,2017-10-05T03:59:21Z,dhutcheon2@sfgate.com,Derry,Hutcheon
281878c0-c375-4d9b-882d-8e937f738e97,2017-07-19T23:29:49Z,skington3@nytimes.com,Sonnie,Kington
8d1bd166-dbf7-4a67-8300-a0614878df56,2017-12-07T07:41:40Z,kdooler4@blogspot.com,Karrah,Dooler
5ee95d92-cdd0-46fd-801c-557e811bfe48,2017-04-20T22:04:23Z,lcompton5@linkedin.com,Lotte,Compton
d04921ec-4825-4907-9c61-b697164ff9b8,2017-12-04T06:31:22Z,lsimionato6@dell.com,Llewellyn,Simionato
1942c30a-0165-4e1d-8dad-488639724454,2018-03-07T17:43:16Z,jjenson7@wordpress.org,Judy,Jenson
880cb7a2-c8ab-41ab-bb79-c11b8448c9a2,2017-10-11T15:05:01Z,jdegouy8@xrea.com,Joellen,De Gouy
7d6cd8b0-dc12-48e1-8d3a-37ccc2ca6772,2017-05-24T23:15:30Z,cpavic9@1688.com,Cathi,Pavic
8a5759a6-d298-4c3c-a8fb-a0689b6a82e1,2017-12-16T11:53:51Z,gconnolda@mit.edu,Gilemette,Connold
82726160-fe14-4297-bd3c-a91514063043,2018-01-07T08:43:19Z,hbeattieb@spotify.com,Harlin,Beattie
a5691c8a-b251-4a9b-aef4-11ba46478624,2018-02-16T18:33:12Z,dbeggc@virginia.edu,Dannie,Begg
a1242f8b-6081-4acc-be33-21eb61107d99,2017-11-15T04:07:22Z,rcodringtond@deviantart.com,Rabbi,Codrington
850153d4-ccb2-4ce9-a125-4eea2b903610,2018-03-15T17:55:07Z,tnewlandse@java.com,Toby,Newlands
e2dd1de9-5eea-494d-b569-526308bf3a1b,2017-11-22T22:20:22Z,acogdellf@blogspot.com,Alec,Cogdell
a039b460-3636-486b-a622-d9c242024fe4,2017-05-13T10:27:32Z,tjadczakg@dot.gov,Tod,Jadczak
553ce2ad-462b-470e-b549-742551f5cb98,2018-03-12T17:50:07Z,jsabatesh@simplemachines.org,Jaimie,Sabates
f9742635-78a1-4191-b97c-18c042aa5f6d,2017-10-29T16:26:58Z,uiuorioi@abc.net.au,Ursula,Iuorio
7ff85550-3783-4dac-9ad7-5c794bb23ff6,2017-07-25T23:39:05Z,msimminsj@163.com,Mandie,Simmins
3dc8a941-619d-4339-ba58-8319b3fb8a2e,2017-12-05T20:08:57Z,lsolanok@ebay.com,Lemmie,Solano
335559c4-9611-48ab-b3f3-9a81a952d699,2017-04-28T20:28:55Z,remanuelil@unesco.org,Rhetta,Emanueli
5b5899ab-0ea8-446c-82cd-cf1ff0aa0d2e,2017-05-29T13:20:19Z,bkenninghanm@businessinsider.com,Blondie,Kenninghan
7eb265da-2e07-4da9-bd99-1afd2e3e37ab,2017-05-04T06:24:02Z,ccastellinin@github.com,Cleopatra,Castellini
44db8db7-fc24-4f35-8ca6-ced7017adc66,2017-05-25T20:21:09Z,aoreagano@netvibes.com,Ashley,O' Reagan
797715ea-fe13-46be-84f8-8457b26a8858,2018-03-06T02:14:34Z,mbillamp@liveinternet.ru,Morissa,Billam
c8265651-2a1a-49ad-a446-950cc139cdd4,2017-08-07T20:49:56Z,lmacgorrieq@ask.com,Link,MacGorrie
01ccade5-4e37-459c-87b1-f611134160fe,2017-09-24T10:43:52Z,mbutlerbowdonr@geocities.jp,Melesa,Butler-Bowdon
90e61656-1dec-49e9-804d-e606e99584af,2017-04-28T10:30:29Z,twarness@cyberchimps.com,Tiffany,Warnes
4ca9e9a5-2e1e-48d3-b25f-995e1db784e4,2017-05-18T23:54:10Z,sgodspedet@mashable.com,Sallie,Godspede
e20f7270-0d02-420c-bff9-1a035682388c,2017-05-06T09:48:10Z,adatu@delicious.com,Adriena,Dat
88e81e69-d699-4f26-956a-6d9556ba2261,2017-12-22T05:29:09Z,bhundyv@amazon.co.jp,Beverie,Hundy
f4733f86-2473-424a-9984-90dae77258b5,2017-10-05T22:21:37Z,dtannerw@mlb.com,Delmore,Tanner
b7517614-8774-49f2-b14a-3078d13080b6,2017-08-05T16:04:53Z,srubinshteinx@huffingtonpost.com,Salomi,Rubinshtein
25802119-a2c7-41bb-9082-6edf0fc2da4e,2017-07-16T02:27:50Z,cmcteery@indiegogo.com,Creigh,McTeer
bad09527-2a9d-40c1-b198-62afb9fe4a02,2017-11-09T04:21:10Z,hbrucknerz@digg.com,Hagen,Bruckner
99179f88-a699-46e4-8b76-ee82c79ddb85,2017-12-16T05:57:35Z,cklausen10@shinystat.com,Clair,Klausen
acc0dcb7-4973-4a1f-bc89-790bf0779bdc,2017-07-15T22:54:13Z,ddilloway11@indiegogo.com,Danna,Dilloway
f920d90b-857f-44b9-bc2f-9c93fdded7e3,2017-09-23T01:11:42Z,jdax12@abc.net.au,Jolie,Dax
47b8c0b6-6adf-45d1-913a-48ec5c890155,2017-08-24T14:04:07Z,dpattisson13@nhs.uk,Dill,Pattisson
4b3825d5-055c-4c8a-9552-1c1318a2dd61,2018-03-04T19:36:28Z,rmaudsley14@topsy.com,Rafe,Maudsley
85094da3-2b34-44ef-b2e3-065bff420e5a,2017-08-07T05:38:34Z,jlinder15@vimeo.com,Jodie,Linder
b42d595e-b92d-4d7f-9aa8-f688a9f14f35,2017-04-22T21:02:17Z,mheaven16@gmpg.org,Maddalena,Heaven
76079bf8-1db9-40ef-acb2-799bb4571aa6,2018-01-26T09:05:44Z,mallingham17@constantcontact.com,Mathilda,Allingham
d74981a5-1b07-4cb8-a412-83446f3a2485,2017-10-09T08:40:09Z,kgrushin18@seesaa.net,Kimmy,Grushin
78a13dca-7e29-42d4-955f-d351224f0591,2017-04-13T23:24:19Z,cdifrisco19@facebook.com,Cathy,Di Frisco
13e1f1c1-e95b-4c0c-bde7-fb98f65f1053,2017-06-01T15:08:07Z,bmcduff1a@gizmodo.com,Bourke,McDuff
01cc2f29-1df7-47ae-9064-da7e30076c5b,2017-08-31T04:37:36Z,rdikelin1b@harvard.edu,Rem,Dikelin
fcc0eb60-6099-43a9-8bf3-e1977460bbe1,2017-12-15T21:34:48Z,bestcourt1c@xinhuanet.com,Bar,Estcourt
8ab0ec5a-95db-4037-a4ce-119894e8dd0c,2018-02-13T05:52:36Z,mcurmi1d@marriott.com,Margalo,Curmi
ce839ff3-8801-4181-998d-bb4607202857,2017-09-29T14:24:20Z,gofihily1e@vinaora.com,Gillie,O'Fihily
781eb07e-8388-4530-ab44-7c0f1835fb41,2017-10-06T17:45:37Z,hbrightling1f@bbc.co.uk,Hodge,Brightling
755661f1-dc24-401b-af85-2760e719b248,2017-12-25T16:10:56Z,dhellard1g@altervista.org,Dayna,Hellard
b3c506a9-aa2c-473c-904c-e8f456f9fbbd,2017-04-04T02:02:41Z,kewell1h@timesonline.co.uk,Karel,Ewell
7f60d027-b5f4-4ea9-9d0b-7c89a9dac06d,2017-08-23T12:03:13Z,barmsden1i@parallels.com,Barby,Armsden
a0caf3fe-e3f4-4d50-adfa-a81c1f5ddf83,2018-03-14T05:44:16Z,whub1j@eepurl.com,Wallie,Hub
ebaffff0-29e5-4dc2-baf5-5c2bbeacf7cf,2017-07-23T21:08:55Z,aherculeson1k@wikia.com,Ailee,Herculeson
ce14052b-7311-4a96-95f5-7b13175e6711,2018-01-16T21:30:35Z,jdilleway1l@ed.gov,Janeva,Dilleway
b92ec284-abc4-4872-8920-9379d3b84b0c,2017-08-08T09:49:28Z,gdrewett1m@vkontakte.ru,Godard,Drewett
03f00ab1-b992-4498-8a78-97aa36b7553e,2018-01-20T08:51:54Z,hkimmince1n@wix.com,Hedvig,Kimmince
20840109-4a37-423c-95e4-fd76a5ab279b,2017-04-28T11:41:27Z,sdufoure1o@army.mil,Sterne,Dufoure
ed631555-6d1b-4e82-8877-4d39c51576d1,2017-10-24T06:07:56Z,abowle1p@google.de,Andra,Bowle
dcc678a9-a39f-4066-9ff5-cafed31da382,2017-09-29T08:51:09Z,wdesouza1q@list-manage.com,Waly,De Souza
2748004c-ff68-462f-bf29-3e132e5845f5,2017-10-02T23:05:42Z,ppresnall1r@networkadvertising.org,Phillip,Presnall
2dbfd279-db18-4358-b6f2-14a3b80e17c6,2018-01-01T07:49:18Z,kwight1s@java.com,Kandy,Wight
665748bb-dd3e-4c5a-be39-616b0cede331,2018-01-07T14:17:38Z,bschulze1t@livejournal.com,Bradney,Schulze
a96099dc-640f-4a94-acf9-216e56ea46ef,2017-07-18T00:54:28Z,gramsbotham1u@forbes.com,Gail,Ramsbotham
11320973-436b-476e-a84c-5b6bca05a6a5,2017-06-15T04:42:37Z,bdoddridge1v@seattletimes.com,Barbara-anne,Doddridge
c1e487ce-0418-47d9-8366-99909f4f2586,2017-04-07T09:05:34Z,aroughley1w@zdnet.com,Abraham,Roughley
33d6d1d8-55d8-404a-a71e-6a4a7720edbf,2017-11-20T16:50:58Z,jrottery1x@skype.com,Jennee,Rottery
21d3bc09-277c-4e20-84f5-59fa0c79310a,2017-12-08T00:00:03Z,ddivall1y@tumblr.com,Davon,Divall
7d38a540-be74-4fb4-808a-054888610610,2017-07-22T21:47:23Z,nairs1z@hostgator.com,Natal,Airs
cc83f7e3-8099-4bf0-9f1d-00b99692696a,2017-10-15T21:44:54Z,nardern20@cdbaby.com,Ninnette,Ardern
1782d883-b3ea-43ed-adee-b763bcd4b6ac,2017-06-30T09:29:42Z,rwaskett21@google.pl,Rhiamon,Waskett
58a7ff54-6050-426f-b45c-ee9c01df87e4,2018-01-29T09:34:22Z,kthraves22@soup.io,Kristy,Thraves
72072ddc-562a-4520-956c-3f1e9e91b7e2,2017-08-05T15:05:35Z,gdeandisie23@miitbeian.gov.cn,Guss,De Andisie
533a277c-7945-4fba-9511-43645a241624,2017-04-22T13:51:37Z,rbarnard24@nytimes.com,Rikki,Barnard
33e1b0fb-0153-470b-a684-8fa692e043f3,2017-10-01T12:32:25Z,cmclarty25@xinhuanet.com,Corly,McLarty
6316d78c-00de-4010-919e-a3dc8975abf6,2017-06-03T08:04:27Z,msegot26@state.tx.us,Mitchael,Segot
30ea7ee0-dfc1-4537-84aa-b73e1d9bc79f,2018-02-18T22:22:49Z,wbatchelar27@i2i.jp,Wyn,Batchelar
465e36f0-bd6e-4f47-9c3e-b2b5c1aa4516,2018-01-25T07:11:44Z,dlivock28@meetup.com,Darsey,Livock
430c2cff-a980-479d-86fa-33f014dc1f84,2018-02-20T15:54:49Z,jcamamill29@vinaora.com,Jamison,Camamill
53d3c66e-c107-4890-a4c1-2a48fe8cb2de,2017-09-30T09:58:04Z,alancley2a@amazonaws.com,Arnie,Lancley
b8c32bcb-1ee3-4d40-b31c-45d661045693,2017-12-10T01:59:57Z,mmulvany2b@google.pl,Mychal,Mulvany
62a2eedc-7e38-41e6-ae18-9cc48f981b77,2017-07-31T08:33:44Z,critson2c@shareasale.com,Casi,Ritson
3f5d1897-cf3c-42ad-9520-c5b4ecbc8780,2017-07-20T22:38:00Z,pmcgillacoell2d@woothemes.com,Park,McGillacoell
9d1e1d8c-a6b9-4ce3-9adf-0600cd959b7a,2018-01-13T00:20:18Z,udanielot2e@dailymail.co.uk,Ulric,Danielot
94dc3850-7a27-45f3-93e3-b72b91925c58,2017-04-26T04:33:42Z,dbeggin2f@ucoz.ru,Dinah,Beggin
0611aa08-51cf-4ec7-93cd-cb98f3f5be64,2017-06-30T08:33:08Z,rperfitt2g@hugedomains.com,Rodina,Perfitt
58d65f30-73b9-40cc-8c3b-e5ddbdf6e5d2,2018-03-25T12:52:24Z,lbreslane2h@a8.net,Lane,Breslane
d338f973-0c3a-4e0d-b2a2-e6c29b836369,2017-04-30T07:35:03Z,eesche2i@purevolume.com,Edward,Esche
b1267286-6e6f-4072-833f-221cf9ce5209,2017-06-07T20:12:48Z,scole2j@about.com,Seward,Cole
452f4946-4576-4c63-9316-1bcf94ecf90d,2018-03-18T20:48:38Z,lbooley2k@xing.com,Lloyd,Booley
9c7e89f0-8521-4e96-b415-9997607c1e2e,2017-08-19T05:05:19Z,eragbourn2l@unc.edu,Ellie,Ragbourn
058e2397-a172-4dba-af32-06664ce1e6e2,2017-12-11T23:31:42Z,sfreeland2m@sourceforge.net,Sonnie,Freeland
b853456e-99a6-46b3-ba01-801512ee3006,2018-01-02T11:10:48Z,smedeway2n@plala.or.jp,Shep,Medeway
605236d1-85bd-4457-875f-4ed0ff2a8273,2018-03-31T14:08:12Z,dchillingsworth2o@sogou.com,Dennie,Chillingsworth
5b83c9dc-1cf5-4015-b40d-16623526cfdc,2017-05-27T10:17:04Z,wrichen2p@usda.gov,Wilow,Richen
b6a7a7f2-fdd2-4c6c-8f43-94443f3d4b30,2017-11-21T23:21:57Z,bcurzey2q@marriott.com,Brandea,Curzey
12f3d16c-3f72-461c-86e1-07dc26f80a8b,2017-12-20T17:03:29Z,bgregs2r@mayoclinic.com,Beaufort,Gregs
02b6511e-905f-4070-a717-7406d27d48d1,2017-07-02T06:24:52Z,askule2s@clickbank.net,Ashli,Skule
0d25101d-da19-4def-85f6-b01db56f2fd3,2017-07-01T09:53:05Z,akraft2t@umn.edu,Adriana,Kraft
69926f4d-be64-45ad-8370-0b46ecf25166,2017-06-07T02:45:21Z,dphebee2u@samsung.com,Deonne,Phebee
bb4ebd36-5404-4f38-85de-919fb5296920,2017-10-26T20:02:25Z,kaspinall2v@cafepress.com,Kellina,Aspinall
1ebe5e68-05ba-4f5b-ae07-839cad6bb3bd,2017-05-27T19:23:13Z,nruilton2w@edublogs.org,Nissie,Ruilton
4c00e314-b1e8-4d1a-a28c-a4839276377c,2017-07-06T22:39:36Z,wblaker2x@pcworld.com,Wainwright,Blaker
ff6a068e-84f4-4ba6-9c3b-b01953a11420,2017-06-04T16:05:58Z,mdonaghy2y@usgs.gov,Malissa,Donaghy
86224fe3-9142-4644-b745-63e1f537735d,2017-09-27T15:38:58Z,jpendall2z@qq.com,Jonie,Pendall
69d49313-9e2f-48d7-ad40-58d97a4b367c,2018-03-08T00:57:52Z,sbesant30@diigo.com,Siegfried,Besant
fd9d64fb-446e-40ff-bb19-ace773648af5,2017-05-17T23:17:58Z,llittefair31@163.com,Lucais,Littefair
3bf40953-179d-44c4-a301-26903c0974c6,2017-12-09T06:50:42Z,vthomen32@tmall.com,Vinnie,Thomen
15f484b3-a4d3-4934-9686-19548a369589,2017-11-27T12:16:09Z,pinggall33@wunderground.com,Prentiss,Inggall
f8c729ac-53f9-4d9e-af54-71357cce96d6,2017-05-04T16:31:22Z,bbarwood34@rambler.ru,Barbra,Barwood
17992ea7-e669-449c-87b5-1acce1e8b008,2017-09-01T14:36:38Z,dleach35@linkedin.com,Della,Leach
ff6475bf-7bac-46f5-9424-613b348b4bb0,2017-05-15T03:59:40Z,clang36@bbb.org,Cammy,Lang
1c115a27-bccf-47a6-97d1-b212fbeac707,2017-09-11T10:48:19Z,oharral37@marketwatch.com,Ole,Harral
7591287c-b501-4d6b-81d0-0c405991b88c,2017-07-11T15:24:15Z,evalasek38@techcrunch.com,Eveleen,Valasek
cb89be64-4e48-47c2-b7d6-0f4628701d4f,2017-08-28T20:46:46Z,dmoehle39@reference.com,Dennet,Moehle
cb4f1c09-58a0-477c-bea4-76ce6095d5e1,2017-10-28T19:43:14Z,dprozillo3a@gravatar.com,Dorri,Prozillo
a33f5209-15e4-46d3-8598-09e0f518dfc5,2018-02-15T20:53:39Z,torts3b@cbslocal.com,Talbert,Orts
b0e1fd21-dd6a-4084-9bea-b9d3031ce00b,2017-05-08T10:28:14Z,urubinsztein3c@go.com,Ulric,Rubinsztein
facd88e9-a40a-44ec-a182-64e1e1850ceb,2018-02-18T17:36:32Z,jstonbridge3d@cnn.com,Jerrilyn,Stonbridge
756d638b-d100-4424-8171-85423393089d,2018-01-25T12:12:03Z,nherries3e@paypal.com,Nora,Herries
6d830764-8d12-4b8a-875e-7ec1a8075f10,2017-06-24T10:32:36Z,rlamburne3f@tinypic.com,Romy,Lamburne
43994435-8730-4c45-a10b-4c6de5cdd64b,2018-01-18T14:51:18Z,ltuther3g@alibaba.com,Lilli,Tuther
3275779a-2a70-4b45-83d5-4dfe61095102,2017-12-05T12:14:04Z,cvoase3h@unesco.org,Colene,Voase
6c17d318-0afd-40d2-8f6b-2644a893c11f,2017-10-28T02:36:31Z,dhendriks3i@friendfeed.com,Dannel,Hendriks
afb18dba-8e11-4da4-96c5-e21d4ec95489,2018-01-19T07:41:48Z,mdonner3j@prlog.org,Margareta,Donner
999520eb-106f-484b-9600-e508fa25baf4,2018-01-05T21:05:47Z,jstonhewer3k@walmart.com,Janina,Stonhewer
0fb2e55d-c2dd-4b90-a057-21331725611e,2017-12-07T17:41:33Z,alinck3l@who.int,Arin,Linck
57c31aab-0503-44c7-9bb8-7f77c150e9d1,2017-09-11T00:36:30Z,jpowis3m@geocities.com,Jolee,Powis
b5890e60-ea02-4285-8d61-1f43a1746cdd,2018-02-11T22:50:16Z,wgoundsy3n@mozilla.com,Willi,Goundsy
22a444e3-b072-4088-b231-1d2b077d7537,2018-02-02T03:59:27Z,tcharlson3o@behance.net,Tymothy,Charlson
8cbf88fd-a75d-4cf1-a161-4004911ac5bb,2017-06-29T08:55:17Z,sharbage3p@reddit.com,Shelby,Harbage
347eaad5-eaf2-4c88-981e-8e2c7b035a1d,2018-03-03T01:06:02Z,rtaylorson3q@live.com,Rufe,Taylorson
59454c5a-2082-43f2-a8c8-cd5ff1fd1c05,2017-09-23T22:36:53Z,cwakeley3r@reverbnation.com,Chrystel,Wakeley
3b31ab8f-f396-400c-a352-b74f09e4e88d,2017-10-13T07:59:30Z,mlathleiff3s@aol.com,Marieann,Lathleiff
de53ac34-79e3-49e8-9aa2-132a64301ae3,2017-05-27T22:17:00Z,smayou3t@bluehost.com,Samuel,Mayou
ba56d4d1-b2e5-4bfb-9806-31b3e2c1fae2,2018-02-24T04:37:41Z,abredee3u@netscape.com,Alidia,Bredee
f976f0ac-abe2-44ea-b037-0006ef124785,2017-05-24T21:45:41Z,cstansbury3v@t-online.de,Carol-jean,Stansbury
7e754748-2b8c-4196-93ac-e708baf8e5c4,2018-02-11T22:40:14Z,tdalgliesh3w@google.es,Thelma,Dalgliesh
adefebd7-952f-460f-9feb-3d1d6a15a719,2017-12-02T06:59:29Z,amcilvenna3x@163.com,Alidia,McIlvenna
e38a6299-6f28-4509-9af9-f64a21858ff7,2017-08-22T12:58:44Z,kmotte3y@shutterfly.com,Kyle,Motte
e78e574b-c777-468a-a970-eda4e3489a1c,2017-08-14T08:54:38Z,jbadger3z@amazon.de,Jozef,Badger
6c7ebd45-3684-485d-9328-00552f5ec8f9,2017-12-02T15:44:19Z,rdonisi40@1und1.de,Richmound,D'Onisi
be783126-d1ef-4077-9b32-fceeabf80fb9,2017-10-10T03:52:05Z,lhalms41@ft.com,Lilah,Halms
5cf0eafe-182d-4e72-86db-abbb76b6d0b0,2017-12-22T12:09:39Z,omcmeekin42@amazon.com,Orella,Mc Meekin
85d69510-717b-407b-bf3b-edd8eaba33a3,2017-09-23T04:18:13Z,jdaud43@list-manage.com,Jewelle,Daud
739533ca-f472-4b67-b487-360d23ceb8ca,2017-10-26T17:30:34Z,bdownham44@sun.com,Barnabas,Downham
b323e5cb-1c29-4d1c-a422-9f1e874dbe17,2017-05-23T16:13:52Z,ycutteridge45@devhub.com,Yorgo,Cutteridge
7c7760a0-c743-448f-bbcd-5dae973f7c3c,2017-10-16T03:28:55Z,cbazeley46@sphinn.com,Chester,Bazeley
9b62875c-0ea6-4940-b25f-0ce606cfc23d,2017-04-10T05:05:19Z,ahiseman47@addthis.com,Ailis,Hiseman
bdfd458b-415d-4f3b-ba5f-08c89d0fc24a,2017-11-20T01:40:34Z,rnewall48@indiatimes.com,Rudolf,Newall
1f80acb1-7810-4fc5-9592-b26181f4fe50,2017-05-20T08:27:23Z,strinder49@elpais.com,Sayer,Trinder
5522b85a-df4e-4352-b59c-d9f7bc483c0e,2017-05-03T18:04:20Z,ppaule4a@pbs.org,Paule,Paule
c92e9dc1-c2b4-404a-b806-1efe579594aa,2017-07-13T01:30:00Z,chaig4b@cocolog-nifty.com,Clary,Haig
4488ba93-6f89-4495-98ff-a1c5652cf106,2018-03-04T10:40:41Z,jmcdade4c@prweb.com,Jamey,McDade
7d89638e-b1ca-427b-ab0c-b5115c7b11bd,2018-03-29T17:30:51Z,lhoxey4d@posterous.com,Lanae,Hoxey
2d6812a4-b069-4f8b-9068-3cce531c7bdd,2017-11-21T18:31:35Z,cmoar4e@admin.ch,Cosimo,Moar
38c8369e-e165-43f4-8516-fb08d2d4404f,2017-11-11T11:28:20Z,llamerton4f@instagram.com,Lyell,Lamerton
a2612587-a82b-44d6-b3cf-7f350f046049,2017-05-08T17:48:50Z,ecobbled4g@latimes.com,Elianora,Cobbled
af848c84-1d44-47d9-9b4d-7c575503e8aa,2017-10-14T17:39:15Z,dweavers4h@tripadvisor.com,Dunc,Weavers
703a8429-05ff-488a-a15e-02e6a5ae0109,2017-08-19T20:39:46Z,mslorance4i@amazon.de,Myrna,Slorance
941555ad-9ecd-4880-aeb1-f17d680ef8a9,2017-10-14T08:23:23Z,atrustey4j@google.nl,Audry,Trustey
1aaae0ac-9dfc-49eb-89c5-ee143e26ed46,2017-08-29T04:44:27Z,ncrottagh4k@surveymonkey.com,Nancee,Crottagh
65f38637-f895-43bc-aa00-0097bfcc7d3a,2018-01-15T01:37:17Z,rmacvagh4l@123-reg.co.uk,Ring,MacVagh
265a55ec-4ed5-423e-adda-f4956f42b421,2018-02-14T02:53:08Z,cburtt4m@ibm.com,Caye,Burtt
4518327b-ef84-44f2-a7ed-d3e6e82e7a8a,2018-01-03T19:31:59Z,gchurchill4n@timesonline.co.uk,Guglielmo,Churchill
a05dccf5-4be9-4dbf-a93f-aee98ccc14c2,2017-06-30T12:16:38Z,spateman4o@mtv.com,Sibley,Pateman
d4e7d182-2b1c-4818-ac27-24285a861ac6,2018-02-24T02:25:55Z,kskittle4p@list-manage.com,Krystalle,Skittle
abe8fb12-1881-4cb0-82ba-d6d34ff9c5ca,2017-06-28T01:19:05Z,fashleigh4q@spiegel.de,Friedrich,Ashleigh
ae2c7022-0aae-41ae-b266-ffd141867a95,2017-04-29T19:35:25Z,dhinchon4r@ucoz.ru,Demetri,Hinchon
e5d3116a-7f6b-49e4-94cf-9807bace5962,2017-10-20T04:00:04Z,rtrevains4s@list-manage.com,Rasla,Trevains
4d96f873-184f-4391-9f40-f16bc4290865,2017-07-03T20:54:54Z,ztasch4t@cdbaby.com,Zorana,Tasch
1c0f269b-97bf-4b42-bf30-f004773328d7,2017-06-02T03:14:33Z,ewoolard4u@nationalgeographic.com,Eveleen,Woolard
81d69ef2-49b8-47bd-8989-56b57bb1ee40,2017-05-12T20:17:03Z,bforesight4v@godaddy.com,Brose,Foresight
b3dc35e2-42ef-44e5-acce-9b5d56960edd,2017-10-01T13:28:27Z,rscoular4w@timesonline.co.uk,Rozamond,Scoular
5b420813-dc07-458c-a6c5-9629447b96fb,2017-10-28T16:32:57Z,tdimanche4x@cdbaby.com,Tanya,Dimanche
af5aff0c-4473-4f0d-9ac3-c6bdb486e623,2017-08-28T15:02:57Z,smogg4y@craigslist.org,Sherwynd,Mogg
73694f9c-f9c6-459e-8893-955f03c8df36,2017-08-11T23:39:02Z,ibenfell4z@washingtonpost.com,Ichabod,Benfell
3b2464b1-0c9f-44e0-b196-b9282329bc7c,2018-03-31T07:49:08Z,kedmonson50@simplemachines.org,Krisha,Edmonson
2e2897eb-1503-401a-b253-c5e564ee5e2d,2017-11-02T20:19:30Z,emartineau51@surveymonkey.com,Euell,Martineau
f8a7481f-6592-4369-be85-97a1579f8ad5,2017-12-11T15:11:05Z,llaying52@apache.org,Leonard,Laying
b9f9a423-57d8-4945-9837-c0de498de786,2017-07-02T15:35:27Z,mhintze53@uiuc.edu,Malissa,Hintze
dba14cd4-a7d9-4807-b337-a7e44d40cc07,2018-01-17T19:52:23Z,acrutcher54@spotify.com,Alberta,Crutcher
d05fe6d5-530c-4da2-8dc6-8645c26e8430,2017-08-05T03:50:23Z,kchessum55@hibu.com,Kalli,Chessum
8b2e375b-cba1-4597-98c4-a53fbadbe3ac,2017-07-15T11:44:54Z,ctunmore56@123-reg.co.uk,Colette,Tunmore
f517f426-b07f-430a-9c2e-c8aa5a3d60e3,2017-10-25T10:16:53Z,gdasent57@mysql.com,Griff,Dasent
4e463a09-a9e0-4287-86a0-1324fb89754c,2018-03-12T20:21:13Z,asouth58@wikia.com,Angelina,South
b051fea8-6ff9-4017-bf85-0d6364fe7baf,2017-11-24T15:47:50Z,zmccallion59@jiathis.com,Zuzana,McCallion
e9aaf653-9762-433d-a272-6910a98c7fdd,2017-05-15T03:05:31Z,hgerhts5a@geocities.com,Hazel,Gerhts
da81d7d5-5902-40fb-90e0-1397620e2297,2018-01-13T04:14:22Z,cgunnell5b@earthlink.net,Chaddie,Gunnell
5abb5654-b347-4b75-8a3e-11b03b64f9dd,2017-09-06T19:25:24Z,vtabbernor5c@bbb.org,Vernon,Tabbernor
a0455c55-5d39-4faa-9cc2-c1126aba7675,2017-06-24T12:10:23Z,hantonoczyk5d@ucoz.ru,Hermine,Antonoczyk
39670799-1c33-42ae-bcc4-fbf610e14004,2017-10-04T20:51:03Z,kmoran5e@phoca.cz,Kimberli,Moran
26e70865-6434-4a0c-b45c-bbbbbf1acedb,2018-03-07T14:01:36Z,jalekseev5f@businesswire.com,Jen,Alekseev
45a7ff86-2eb9-4e64-ad12-d9f293bfbd91,2017-04-29T21:17:49Z,smccraine5g@go.com,Stevy,McCraine
60fc3908-3efb-4a12-8b5e-8047b03671a4,2017-12-31T10:54:05Z,shesser5h@topsy.com,Skippie,Hesser
d078ef60-80f1-407c-8e8d-9e7b99826347,2017-05-02T04:24:00Z,eedmunds5i@tamu.edu,Evaleen,Edmunds
afffc61c-f044-476a-abcf-58827622f679,2017-10-19T08:44:37Z,ftoplis5j@printfriendly.com,Francklin,Toplis
6ac60e02-e626-4dd6-bbaf-c85c743b2031,2017-07-26T13:16:53Z,mvolant5k@uol.com.br,Marya,Volant
fc5cfe8f-0eda-411c-aca9-fe601d7737b4,2017-04-18T12:05:38Z,showle5l@miibeian.gov.cn,Sheffie,Howle
2207f11e-29ad-48dd-bcb6-a3e02104dd53,2018-01-15T13:51:31Z,hboadby5m@msn.com,Harrietta,Boadby
a54a1cd9-6c9e-4ad9-aebe-d9a96dbec9a7,2017-10-15T21:59:35Z,ebyre5n@bing.com,Etheline,Byre
9a4624e6-5a9e-4ab1-8125-f3b660f3a08a,2017-12-17T14:35:28Z,hbunson5o@nymag.com,Hagan,Bunson
706a1824-fc0c-4375-afb0-3aa334f6cd84,2017-10-31T02:12:02Z,ssmeeton5p@ezinearticles.com,Stephani,Smeeton
2b35cf4f-d95b-407d-b566-e4358fc699c6,2017-06-17T17:26:19Z,acornbill5q@1und1.de,Alicia,Cornbill
cb8ae610-9582-447c-9bee-93eaf8094912,2018-03-19T09:05:57Z,lhuxton5r@sitemeter.com,Lenna,Huxton
f4c003ec-81aa-41bc-89b0-6ccdf7008450,2017-09-19T23:34:27Z,wyashunin5s@g.co,Willi,Yashunin
419678ae-1fdf-4ccb-b623-21e3873f7c88,2017-07-09T20:46:36Z,eellard5t@phoca.cz,Elvira,Ellard
9efcb0b2-17db-4811-8934-1035f3a1718d,2018-02-04T18:07:11Z,pgoldsack5u@squidoo.com,Priscella,Goldsack
ad8b5c20-d73d-403d-9c88-18f42789f361,2018-01-02T14:13:37Z,zralls5v@opera.com,Zita,Ralls
d3bfa887-ae35-4108-8cd0-e1fd0fd3c832,2017-08-13T09:33:12Z,ckures5w@epa.gov,Corene,Kures
0183fea3-b09f-48a6-bf5e-186e1f7ee155,2018-01-13T19:11:05Z,gmars5x@themeforest.net,Gaby,Mars
8b60e6f4-3495-4b00-97a1-f520de0bb229,2017-12-16T15:03:56Z,ksimonson5y@nature.com,Karee,Simonson
782f99c8-dbd0-4a4a-87a2-3604d0ed40d3,2018-01-30T03:43:10Z,sjosum5z@globo.com,Sidoney,Josum
9f4a2d3b-f774-4a12-ae44-ada62cc2cf3c,2018-03-08T04:22:55Z,syea60@ted.com,Shaylah,Yea
08b47c24-5523-4cbb-81ac-4e90c07bd3de,2017-10-14T21:33:21Z,bbabcock61@bbc.co.uk,Beverie,Babcock
9b0dbb03-6fc9-478b-adef-0be83fdd70f9,2017-09-17T14:16:54Z,jhannabuss62@comsenz.com,Jorgan,Hannabuss
6841ec8e-ffe5-4aa5-93b1-40a77ec2ff2d,2018-01-22T15:19:48Z,fbroughton63@admin.ch,Felice,Broughton
98b31d9d-f28c-4e99-8a74-9cba61c34ad6,2018-03-11T14:15:03Z,jcradick64@clickbank.net,Josee,Cradick
99cba6c4-a809-4295-b1a2-8400519df510,2017-12-25T18:45:54Z,ddebiasi65@diigo.com,Dorene,De Biasi
3841ffd8-56bf-4dce-9259-0c9be8254cdb,2017-08-14T15:25:53Z,gdurand66@narod.ru,Ginny,Durand
1f56b5c7-af3d-4695-84f1-d09f47b3aaef,2017-06-19T03:32:40Z,tvanhault67@imdb.com,Tedi,Van Hault
2c4ca316-14ee-4a7b-a1b5-b505c56af1b6,2017-06-07T03:03:34Z,lseagood68@istockphoto.com,Lamont,Seagood
c7650290-7815-4f69-8d2f-2e328f391c90,2018-01-15T18:38:01Z,aemmison69@last.fm,Antonin,Emmison
1e40292d-2b57-4ab3-9a16-9f91d1069996,2017-10-30T17:09:45Z,jwhelband6a@google.com.hk,Janet,Whelband
3b4b011b-78de-4079-9fc1-55c2b7b248a8,2018-02-26T19:33:03Z,cmccarver6b@webs.com,Charlene,McCarver
3fc9f5de-1d92-47a6-9257-c6f66adf5379,2017-06-12T02:28:43Z,vjozwiak6c@princeton.edu,Vincent,Jozwiak
1866ddf9-919b-49d9-96bf-3f8618ed6797,2017-05-28T06:15:57Z,binchan6d@newsvine.com,Belinda,Inchan
2a22987c-d1ed-4ce9-b91d-dc4ca0f8724a,2017-12-02T07:22:30Z,dklimes6e@globo.com,Devina,Klimes
f9437367-8440-441a-95ab-941e48c141e4,2017-10-21T06:42:03Z,smcminn6f@gravatar.com,Shell,McMinn
2806ca2b-e141-44e0-a29c-dec3825ac7ea,2017-04-27T16:38:07Z,dgoatman6g@comsenz.com,Dell,Goatman
4dfb004d-15b2-4dc6-9f32-8f52fb09c235,2018-03-04T15:22:51Z,scraigg6h@cnn.com,Stefano,Craigg
ac45cf2e-7e9f-4117-ad0b-0f07e9ee1ee7,2017-10-24T22:27:04Z,pfelderer6i@youtube.com,Patric,Felderer
144e2786-e1f9-4028-95de-cf16abbc15bd,2018-02-26T20:07:25Z,mlattimer6j@webnode.com,Marybelle,Lattimer
f85269fc-5560-48be-b049-1ea751f1c3d2,2018-01-02T18:18:06Z,nlabarre6k@economist.com,Nissie,Labarre
83a79242-4688-46c3-9196-9a6c64c63e3e,2017-10-30T09:02:58Z,akoomar6l@wired.com,Ange,Koomar
31a58a72-1cfc-4716-89e7-859513b503ed,2018-03-29T23:25:14Z,spindred6m@nsw.gov.au,Shelton,Pindred
130e38c8-7bdb-49c9-abd0-e71bab9c7f69,2017-12-16T20:59:01Z,ctoquet6n@last.fm,Cletus,Toquet
a5c3598f-883d-4f3d-99af-6134ad746de8,2017-06-28T06:13:14Z,mnoblett6o@github.io,Malvin,Noblett
62df1286-b4b4-4b2a-8188-a0ff766fdc5d,2017-08-07T20:35:31Z,smcgoldrick6p@examiner.com,Sibyl,McGoldrick
4206b320-6097-4c65-b11c-ab20fa7ff831,2017-07-09T05:47:04Z,hronaldson6q@skyrock.com,Hugh,Ronaldson
d3b14c45-e72e-4e09-ad90-4384e427b8e4,2017-07-03T19:53:55Z,rsimionescu6r@bloomberg.com,Riordan,Simionescu
aa1bdff2-7c59-411c-9ce3-93972263b2f5,2017-09-14T06:55:20Z,bsingh6s@hp.com,Buddy,Singh
8a0ca344-7044-475b-b254-cc2345c4bf50,2017-05-17T09:28:13Z,raris6t@alibaba.com,Reider,Aris
d1b86640-698f-45a9-b935-351fbe263369,2017-10-11T08:43:33Z,honraet6u@wp.com,Herb,Onraet
1c2169f8-f1c1-49d7-b491-34eafd0f63ea,2017-09-30T02:59:57Z,tlawday6v@icio.us,Terrie,Lawday
9a2fc807-3ddd-4287-afda-a2a045060018,2017-11-13T01:27:36Z,btackes6w@soundcloud.com,Boothe,Tackes
6035d345-4178-4d0a-bf15-f964847bf1ef,2017-10-21T20:52:06Z,cmcgregor6x@github.com,Camel,McGregor
b7c438ce-de94-433a-bad7-ebff783ab208,2017-05-18T10:45:21Z,wjirusek6y@google.pl,Wallace,Jirusek
e2dd7eb8-d7db-4fb0-a765-ddcfb52d0637,2018-01-22T00:25:07Z,wbentame6z@pen.io,Wiatt,Bentame
9832c443-dea0-4128-b254-5c656f320590,2018-03-11T17:14:58Z,bedgar70@reference.com,Bentlee,Edgar
1902c9e7-ea7a-4b6f-b19d-9e587d3036ee,2017-10-25T01:33:37Z,ebranigan71@soundcloud.com,Emlynne,Branigan
c8dbf9ec-cbac-4a1e-8d15-f577fc4ac090,2017-09-06T22:35:44Z,lmacalpine72@pcworld.com,Leora,MacAlpine
bfa4baa3-19fe-4b32-ad98-bb025f72a37d,2017-10-08T12:17:14Z,lrack73@meetup.com,Liam,Rack
67be4ba5-1b40-4cdc-9680-e355f5daca80,2017-06-04T14:24:21Z,lparriss74@people.com.cn,Laurena,Parriss
dcbed489-7cc1-48e3-b8ff-b042cc6089cf,2017-12-02T08:56:30Z,tchiene75@printfriendly.com,Tam,Chiene
f23f937f-45f2-44d1-b253-7cef019b81a9,2017-09-26T01:23:30Z,fshevill76@indiegogo.com,Florrie,Shevill
5b5d1ead-d07d-40e4-a255-b529e478768e,2017-10-12T22:07:10Z,lcauldwell77@soup.io,Liz,Cauldwell
1ff612fe-957d-4e7e-9915-6385b29b2f45,2017-12-08T04:59:26Z,jovett78@army.mil,Julianne,Ovett
1512a644-de19-4052-954c-d77789cbc1df,2017-05-22T08:20:39Z,emccloughlin79@homestead.com,Emery,McCloughlin
fe9188db-531b-4d31-add1-672bc43f6b9b,2017-07-27T00:24:24Z,klortz7a@about.me,Ken,Lortz
df74eeb9-021f-4968-a2a2-960a93e5acca,2017-11-20T20:02:18Z,lgotthardsf7b@t-online.de,Lynsey,Gotthard.sf
96b1f195-4086-427e-9cb4-c0ea12dc9ba8,2017-05-13T16:06:40Z,dmacloughlin7c@zimbio.com,Darnall,MacLoughlin
56c2024b-5864-4694-8fbd-b3c2b8a01745,2018-01-31T17:59:34Z,tstolberger7d@vimeo.com,Tabbie,Stolberger
b4b6b94a-5397-46e9-ae69-2ec0f9c5372b,2017-08-27T21:51:58Z,osatterley7e@ocn.ne.jp,Orelia,Satterley
872c1fa0-261e-4b53-a6af-1a12080c1d60,2017-07-20T05:30:31Z,oguilfoyle7f@issuu.com,Orsa,Guilfoyle
25b17348-1f1a-45c5-a53e-225b7b037b82,2017-12-25T05:02:27Z,srattry7g@narod.ru,Sherlock,Rattry
a1272c82-25a9-4529-844c-b5e080a1227a,2018-01-14T15:19:18Z,jturville7h@uol.com.br,Jeralee,Turville
76d75e71-9015-4c38-aedc-13b7be45631b,2018-03-09T13:40:30Z,lservice7i@zimbio.com,Lianne,Service
e703cf6d-4972-4d3c-9f93-5732905ee771,2018-02-24T05:28:33Z,rbraikenridge7j@google.cn,Rory,Braikenridge
85612b0a-5043-4ac1-9dcd-d277d170b4cd,2018-03-12T04:14:45Z,rargo7k@elpais.com,Ransell,Argo
88ce9efe-cdb9-46b2-947c-6372765e2ecb,2018-02-24T18:01:26Z,sgiacobbo7l@usnews.com,Sabine,Giacobbo
57ce74b2-f44a-43a3-bb4c-f63913b4cf1a,2017-11-28T03:24:00Z,jmacsharry7m@stanford.edu,Julio,MacSharry
cf29b832-79a1-475e-a5b1-32d580ac8cb3,2018-02-17T02:11:56Z,pbartosch7n@ucoz.com,Penny,Bartosch
55647251-15e9-40fb-8be9-4beceb2fa2df,2017-11-06T06:05:35Z,folechnowicz7o@canalblog.com,Farand,Olechnowicz
03584e33-8fe5-4aff-b723-78ab8b3d95aa,2017-04-16T03:38:38Z,iionn7p@xrea.com,Ingeberg,Ionn
f0c3f88b-cf60-45fd-ae40-d0266edc4c6a,2017-12-28T18:20:19Z,abunney7q@hc360.com,Alonzo,Bunney
b8604626-ba80-4973-9fc1-3a73c1fe48d5,2017-08-17T01:45:42Z,ctillard7r@wunderground.com,Caitlin,Tillard
6b0319ad-f99d-4b49-99d4-8b3194386a84,2017-12-31T01:13:41Z,bbloxsome7s@amazon.com,Bealle,Bloxsome
40cf1946-d855-44b2-9629-23233563a4f5,2017-10-21T05:37:11Z,mroantree7t@alibaba.com,Martyn,Roantree
cb3e0687-c9f1-4b92-a80d-d2f61c281667,2017-09-30T15:58:38Z,dhackinge7u@exblog.jp,Drud,Hackinge
ba3bdb19-4e33-4f16-84e6-6552ae47d1ed,2017-09-05T01:40:00Z,tathy7v@cargocollective.com,Timmy,Athy
4d021f3d-1b55-4c0a-9980-f5c21dee4206,2017-10-29T03:07:13Z,mfosten7w@virginia.edu,Maximilien,Fosten
28db79bc-daae-4d38-a671-4907447bc14c,2017-09-26T18:48:09Z,bhazeltine7x@list-manage.com,Beverlee,Hazeltine
e8d4b5ad-2dbe-4bc0-aa79-d214effd3dac,2017-10-15T17:28:55Z,gpenella7y@archive.org,Gino,Penella
921fa131-0cd6-4ce2-b6f2-fb1824b381a2,2017-07-31T09:06:16Z,srechert7z@forbes.com,Sean,Rechert
7217652a-1961-499e-8200-05b2d0581ea0,2017-09-23T02:13:04Z,jpol80@cdc.gov,Jo,Pol
bfe767e4-2181-4678-a0be-26d1bd1d29f5,2017-05-18T12:35:37Z,fheisham81@jigsy.com,Fionnula,Heisham
6dbcb139-3d5d-4f6f-811b-b09fd9aeebb0,2017-09-22T00:40:27Z,kpopov82@china.com.cn,Katerina,Popov
0cc9d717-00db-4970-9464-3cb83cd65833,2017-10-19T09:42:06Z,pgerg83@goo.ne.jp,Penrod,Gerg
001eb3fc-4bda-49eb-83be-04324e4a4638,2017-08-30T06:32:07Z,ksproat84@themeforest.net,Kizzee,Sproat
3ba89f10-ffe8-4884-9444-4c76e4ec8c36,2017-10-03T04:23:30Z,kmetterick85@cdc.gov,Kerry,Metterick
dcda915e-9ef5-4383-99b9-219e6f107ddf,2017-06-13T18:46:03Z,aokenfold86@shareasale.com,Alfreda,Okenfold
3ec29967-7fe1-461b-9457-dd1c5ba6a46b,2017-07-07T11:20:39Z,vrowsel87@senate.gov,Vernor,Rowsel
29f2ad44-8705-4d61-9299-f54b19ea0396,2018-03-19T11:45:55Z,ilapidus88@theguardian.com,Imelda,Lapidus
985bab6b-f818-4611-85d3-d86a2ea81440,2017-10-29T20:51:34Z,clowless89@hatena.ne.jp,Chelsae,Lowless
d0a686ca-5133-4b6b-a0f6-f47503e60fb2,2017-07-18T20:00:05Z,kdyet8a@github.io,Kate,Dyet
67714cb5-1af6-4f82-bfab-7cab459c7836,2018-02-18T02:42:24Z,hgilby8b@buzzfeed.com,Helena,Gilby
a2ae2252-24b7-4c07-889e-f98f777e4a4e,2018-03-25T04:07:09Z,glabrom8c@barnesandnoble.com,Gratia,Labrom
204eefb9-12ca-4b64-88e3-7f7508ac9c45,2017-11-13T08:25:09Z,hmacdermot8d@samsung.com,Hermann,MacDermot
97ccb76b-7eee-4f20-acfe-245571afe6b5,2018-03-10T14:45:47Z,asalman8e@tuttocitta.it,Ashien,Salman
a285e3e1-8ef3-40ce-8652-2256fe38aef0,2017-09-20T12:24:33Z,tbrabant8f@gravatar.com,Thalia,Brabant
f1f954dc-ff15-4adc-b3a6-0b9da7364071,2017-05-10T12:43:04Z,mgraeber8g@huffingtonpost.com,Merrile,Graeber
6d9f62a6-ce10-4835-957f-a15b98e59618,2017-10-02T20:20:20Z,tlongbottom8h@linkedin.com,Terese,Longbottom
de3f020d-deb5-4563-aa31-2418385af61d,2018-02-18T11:14:55Z,rcosbey8i@springer.com,Rooney,Cosbey
ec55db91-a1ae-427a-8d91-89a0566b612a,2017-06-15T13:12:58Z,mbartoli8j@istockphoto.com,Matthieu,Bartoli
bd883198-344e-48f1-81cc-4ecb5ce1804f,2017-11-16T18:51:17Z,weakle8k@cnbc.com,Winna,Eakle
3a5297ae-34f3-4f20-bff6-c1c90d659ff4,2018-01-09T21:57:06Z,hivanovic8l@sciencedirect.com,Holmes,Ivanovic
7858efb7-c1c4-4218-be8e-b60dddf7984a,2017-06-07T07:48:01Z,jwardingly8m@desdev.cn,Julietta,Wardingly
3ae2be1e-0139-4bd6-8ac8-75c09b2358a9,2018-03-19T11:10:58Z,atubbs8n@gnu.org,Athena,Tubbs
55214d71-858e-4dd1-a521-a0ff88598dac,2017-05-25T23:36:39Z,leastes8o@huffingtonpost.com,Laverna,Eastes
b7c8ce19-533b-4da8-83ad-44680235aecb,2017-05-28T17:07:07Z,agalbreath8p@java.com,Alice,Galbreath
a211f11b-fa23-46e6-8c8a-c07a38abad9f,2017-10-13T06:38:17Z,bgoch8q@state.tx.us,Brigit,Goch
6db25ad8-32e8-484f-a814-f66b8a77a389,2018-03-29T21:42:38Z,jnatalie8r@dell.com,Joanie,Natalie
90035d34-15d3-4701-8942-78afe5357409,2018-01-14T01:37:49Z,kmarkl8s@deliciousdays.com,Kaycee,Markl
d170bd9e-c476-423a-bc09-5d7d1bab6c89,2017-06-16T06:41:55Z,canand8t@seesaa.net,Catharina,Anand
4ccfd9f7-f236-49ae-a3e7-be6a3bbd7cc7,2017-12-14T05:42:33Z,teastes8u@gnu.org,Twila,Eastes
bef067d9-ead0-4ace-aad4-adaf92c24e89,2018-02-15T11:49:29Z,aabdy8v@xing.com,Andres,Abdy
52c31447-47d8-45c0-b060-041676cfaadf,2017-08-27T09:52:16Z,tmacclure8w@simplemachines.org,Teresina,MacClure
cecbe004-bb9a-4955-ab04-e458e263d010,2018-03-06T11:03:25Z,rbrayn8x@youtu.be,Robby,Brayn
94ee40c1-e060-46a3-8113-96382267cd77,2018-03-20T17:41:50Z,rwilloughey8y@usa.gov,Rosemaria,Willoughey
a871b33c-b2e0-43fb-9674-bd544108014e,2017-11-07T09:30:35Z,tloynes8z@xing.com,Theadora,Loynes
0d6f3d3b-8995-4e5e-a097-ce413a6841a5,2017-09-05T06:03:24Z,ptipler90@cpanel.net,Phaidra,Tipler
3f5ef8fb-ccde-40a6-9bf1-19c67d042063,2017-09-17T09:43:00Z,npoulsom91@dropbox.com,Nola,Poulsom
5005be35-2200-4b17-8ccd-fc9a3b83e56d,2017-12-28T00:21:35Z,schristoforou92@miibeian.gov.cn,Sheilakathryn,Christoforou
2cf09466-1009-4000-9322-eed937415639,2017-11-02T22:02:21Z,dmeaton93@reverbnation.com,Debbie,Meaton
0f0d77e2-3996-4dd4-a544-45b4afda18fc,2017-11-14T21:21:14Z,wasgodby94@opera.com,Willow,Asgodby
4fc305a9-9cc2-4e1f-b2d8-f408fadd3124,2017-12-18T04:50:17Z,ablethyn95@aboutads.info,Aguste,Blethyn
b6d2d670-3399-4ddd-a7a6-3369d070899b,2018-03-21T15:48:33Z,kbebbell96@opensource.org,Kath,Bebbell
0e4eccbe-a1a1-4c5d-86ea-4cd8261ae465,2018-03-08T22:31:34Z,bbuye97@ca.gov,Barri,Buye
e0ab8b2b-e25f-4ecb-a4ce-92b56a35d942,2017-07-11T23:24:44Z,ralgore98@cam.ac.uk,Romain,Algore
243beebb-faf1-4ed8-b7d2-0fc0af8b5076,2017-05-21T13:31:08Z,aaveries99@elpais.com,Alexis,Averies
fb99b262-9f87-49d1-8de2-c088af5f5206,2017-05-06T02:00:42Z,cbowman9a@washingtonpost.com,Carleton,Bowman
bf48b683-0337-4079-85d0-fd78adc2594d,2017-08-12T19:41:23Z,glaurand9b@wordpress.com,Guy,Laurand
e239ae2d-2c52-41ad-8fc9-625d0dc36de1,2017-05-10T10:25:53Z,imuddle9c@howstuffworks.com,Ibrahim,Muddle
6e0d617c-5400-4c4a-96a3-0506fc918772,2018-01-15T05:11:13Z,jbilyard9d@cbsnews.com,Jess,Bilyard
4783f0a3-6eec-4c9a-baee-ae36de38191e,2017-09-27T18:40:10Z,chartfleet9e@mediafire.com,Cyb,Hartfleet
0396cbb3-1a75-4187-88b2-bd4ea988c1db,2017-09-14T08:45:25Z,mdunbobin9f@apple.com,Madalena,Dunbobin
348bf82d-0fe8-4f47-bb64-347143c5a373,2017-05-09T09:11:16Z,rmanktelow9g@vistaprint.com,Rubetta,Manktelow
55f4d07a-dd19-4958-96b0-a373eb0afef5,2018-03-20T06:01:41Z,mfeeham9h@example.com,Maxie,Feeham
74886724-433a-4e9b-8031-3294c941e8a4,2018-03-18T03:18:39Z,deverleigh9i@reuters.com,Doria,Everleigh
925488be-4990-43e6-823d-8fb37c52f322,2017-10-27T14:46:58Z,qackery9j@whitehouse.gov,Quintana,Ackery
856a8c0b-b834-44f6-a02f-5a953cf7cecc,2017-12-02T01:21:01Z,emcgregor9k@go.com,Eberhard,McGregor
5177169d-85c6-4518-b9cf-30ea74af2ef9,2018-02-28T17:53:08Z,vsturdgess9l@bloomberg.com,Valenka,Sturdgess
bdb49f4a-5c89-4d2d-9786-456225500826,2017-11-02T21:23:23Z,lsissons9m@telegraph.co.uk,Lawrence,Sissons
9ffe1876-1688-4f36-9435-89635383ed51,2017-11-09T10:48:28Z,ddavenport9n@wikia.com,Dyanne,Davenport
bb0853fb-2682-494c-a609-d5fed53a5ea1,2018-03-04T21:57:06Z,swarrior9o@washington.edu,Sully,Warrior
382b31c4-4f19-470f-97b7-335da7ee3092,2017-08-11T22:24:03Z,cfinlry9p@washingtonpost.com,Cissy,Finlry
e28f2f95-618c-4b3b-bac1-d340b36e2160,2018-03-25T09:21:18Z,jcargen9q@vistaprint.com,Janey,Cargen
a34b20de-5d42-4f9b-ac52-836a79b5fc28,2017-05-27T00:03:03Z,djurkowski9r@youku.com,Donnell,Jurkowski
01d8adde-da97-451d-af27-628bf9fc20db,2017-07-18T09:07:52Z,eshorrock9s@berkeley.edu,Elias,Shorrock
49c0fa6d-e7eb-41bf-812e-9df4b30978d9,2017-04-19T10:42:51Z,mcollinge9t@facebook.com,Manny,Collinge
4e1cced3-3ab5-4898-9b48-912e6e077d7c,2017-07-04T14:52:38Z,rmcrobbie9u@wired.com,Radcliffe,McRobbie
1c013ecc-32ed-492f-bd87-e4488876a70a,2018-01-26T04:49:16Z,ncuncliffe9v@cpanel.net,Nevil,Cuncliffe
dcbf7fce-84ad-4f6c-9812-fcef19e11dc6,2018-02-17T18:30:20Z,cley9w@so-net.ne.jp,Conroy,Ley
e6924e8c-89a6-4f47-975b-b83c13bedb8a,2018-01-01T10:18:20Z,alegall9x@rambler.ru,Aleen,Le Gall
d3f44e3c-d64b-4c45-b9d3-07b932ab86ca,2017-12-13T03:13:10Z,anertney9y@hud.gov,Arvin,Nertney
0a7b51ce-99b7-450c-ac2d-868587383316,2018-03-28T12:40:28Z,sbriers9z@barnesandnoble.com,Sindee,Briers
7606ee2a-69c3-4897-a54d-7ed9c2206faa,2017-08-16T16:22:07Z,mkeedya0@examiner.com,Michaeline,Keedy
993c130d-3712-4f5e-a73d-d8dcb62ee8ec,2017-09-18T08:29:55Z,cdoughtya1@e-recht24.de,Casandra,Doughty
2250a119-4f12-4e49-aa61-645fbf639c76,2017-06-01T00:23:10Z,agoberta2@washingtonpost.com,Angel,Gobert
e3280f95-cdb5-48bd-a87c-541759e8395e,2017-05-29T23:35:24Z,kloinesa3@wordpress.com,Karilynn,Loines
29da7cec-b744-429f-b2bb-4bf77f980cfd,2018-02-15T16:42:26Z,ghindricka4@over-blog.com,Gregory,Hindrick
7fbf18a8-eca1-4d72-b00e-70b951a95e37,2017-12-23T05:46:29Z,smedforda5@nydailynews.com,Sioux,Medford
c0390614-2200-4917-bbd7-d23fb4d88448,2017-12-14T14:58:30Z,gkilmarya6@wired.com,Gabriell,Kilmary
605a9f8b-7836-483e-aa97-bff771d25de5,2017-06-19T21:07:35Z,ehawortha7@linkedin.com,Edik,Haworth
43c31e69-6684-479f-9660-7f77be71032f,2017-04-03T06:33:42Z,lmacbetha8@w3.org,Lyndsey,Macbeth
e41fe746-526b-4ca0-9eed-08bc789571cd,2018-03-14T02:31:40Z,lvenneya9@wordpress.org,Lilian,Venney
fbdb5c9f-1952-4a5a-b0d0-94bbdfdecde9,2017-10-21T19:01:38Z,splaceaa@issuu.com,Skipper,Place
04e04bcf-f6e1-44dc-a83c-06656fd78396,2017-11-18T07:33:00Z,olegisterab@washingtonpost.com,Orsa,Legister
ca567362-0b60-4ab2-ae57-70d173259749,2017-12-28T13:41:58Z,hrebillardac@bing.com,Huntlee,Rebillard
f87a388a-eed8-4acb-9f40-9bba3985c27f,2017-10-16T22:27:48Z,lvenardad@discuz.net,Lyle,Venard
d90edac7-52e3-4b10-b1d9-1e715e09eb86,2017-10-13T17:43:48Z,bllorenteae@timesonline.co.uk,Bianca,Llorente
94bb9a49-19b7-4039-83f0-7343f3fa7017,2018-01-01T00:25:01Z,kdundendaleaf@sitemeter.com,Kipper,Dundendale
0e6bed0d-8010-4846-adb8-644ad4c7beab,2017-12-17T00:59:03Z,mhallowesag@dedecms.com,Merwin,Hallowes
717d08e7-8bf3-4051-927b-369455161d5f,2018-02-15T11:21:12Z,aeliasah@umn.edu,Amy,Elias
90af4b85-10e3-475c-876c-b421f308ca7f,2017-09-08T06:19:03Z,wstilingai@miibeian.gov.cn,Wolfgang,Stiling
719a8c5e-cfc3-4368-9aab-0f06fb9a9d85,2017-04-04T20:14:08Z,mraspaj@senate.gov,Manny,Rasp
146149c4-c60e-4621-8666-9c492c433e8a,2017-12-04T05:32:32Z,sbuftonak@time.com,Stevana,Bufton
d083a430-bffc-43d0-a2fe-cf97aaa727c7,2017-09-25T17:00:28Z,agoldenofirelandal@nyu.edu,Arlyne,Golden of Ireland
bf194d67-d3cd-42b2-8594-6046023772c3,2017-07-28T22:28:48Z,kglazieram@census.gov,Kinna,Glazier
5ba45b21-dad1-4b55-98f3-eae282e15e8b,2017-06-12T16:58:27Z,aolennikovan@auda.org.au,Aloisia,Olennikov
64a289b5-b362-454a-a646-62710af5984d,2017-06-24T09:04:46Z,lflackao@seesaa.net,Leopold,Flack
e4bd94fd-7d77-4d5f-976b-1bc56780eb7c,2017-07-03T01:45:52Z,lwallbanksap@hc360.com,Leela,Wallbanks
e85235c7-9035-42ec-b0d1-9a3edc3aaa08,2018-03-06T20:59:59Z,mdeknevetaq@comsenz.com,Modesty,deKnevet
e2123b06-5109-4125-ad27-e2353862941a,2017-09-29T05:53:06Z,qsubhanar@tripod.com,Quincey,Subhan
7d272355-92b8-488e-ad91-5af7c4679b79,2017-05-28T11:24:08Z,deisigas@fotki.com,Dwain,Eisig
ce8a2b71-dc8c-41a2-bff2-187be8f7bae8,2017-10-12T07:59:04Z,fkitleyat@facebook.com,Ferd,Kitley
cb0a9144-11e2-409d-b962-a764a72dbddf,2018-02-24T19:55:06Z,gpriorau@blogger.com,Georgiana,Prior
48e7353e-228e-4bcc-a2b6-f48fd680aac6,2018-02-11T16:55:02Z,gmcguinnessav@multiply.com,Gilberta,McGuinness
5d97355f-5b19-4ebd-9d23-0f944436f9c6,2017-04-29T12:58:01Z,cabbeaw@hc360.com,Cathleen,Abbe
7a7485bb-2849-4995-8ef3-67ee43902d5e,2017-12-11T11:08:33Z,apateselax@bizjournals.com,Aland,Patesel
6203e908-b476-403f-9841-59f731e62831,2017-09-05T02:15:33Z,echitteray@arstechnica.com,Emmie,Chitter
b916f237-a601-4637-8cc8-6fd2d18922b0,2017-10-06T15:37:47Z,roddaaz@shareasale.com,Reynold,Odda
19bb41ec-610d-48ee-8fba-9dec873668e5,2018-01-07T12:52:03Z,mmichelottib0@indiegogo.com,Maurizio,Michelotti
7e31fa7f-eae1-42a5-ae93-dd849331bbd5,2017-07-30T22:50:16Z,dtwohigb1@xing.com,Danice,Twohig
71be4524-c120-4ad6-99b8-50f8380b2c99,2018-02-27T14:00:11Z,esartonb2@redcross.org,Erskine,Sarton
74100aef-a0ff-4ad3-b992-ff770561caf2,2017-07-24T04:47:07Z,ayegorkinb3@toplist.cz,Alfreda,Yegorkin
52f51aee-d0af-44d8-b8ff-4e48da485454,2017-07-30T14:26:49Z,cstollerb4@soup.io,Candra,Stoller
313b603e-9c38-4513-a3b2-92a99b78c487,2017-10-21T00:21:53Z,wsimmonsb5@clickbank.net,Wiley,Simmons
7f9111e9-f30e-47e7-897d-0988f5aeb0f7,2017-10-20T13:04:18Z,acornewb6@youtube.com,Audrie,Cornew
ccfb9bff-de27-405a-9044-ec1b4a411412,2017-05-01T11:29:51Z,zburnsellb7@icq.com,Zorine,Burnsell
48fcc615-9fed-4368-bc2b-d7cf619d2229,2017-04-22T00:32:22Z,jvallowb8@macromedia.com,Joannes,Vallow
0de06e2b-c006-44a7-a6a1-3bda393ed9f5,2017-12-14T10:03:34Z,saylenb9@youtube.com,Swen,Aylen
58367e7d-65e9-40aa-92c8-60dcfb753d0c,2017-09-10T05:44:27Z,tarnaldyba@globo.com,Tabb,Arnaldy
7761220a-643f-4f72-bf56-0a1880b86ba8,2017-08-07T21:18:03Z,kchazierbb@typepad.com,Karyl,Chazier
66f89c71-3fd9-49f8-82a6-eb6a705d9c4d,2017-12-16T09:16:46Z,mchicchellibc@huffingtonpost.com,Moore,Chicchelli
6401523d-af3a-4f89-93f1-056e2d5b6d76,2018-01-18T11:05:04Z,mtwelvetreebd@eventbrite.com,Mayor,Twelvetree
4d592136-7656-47ab-b70f-12930f00cae0,2017-05-26T06:46:42Z,zmackledenbe@cbsnews.com,Zorine,Mackleden
72ff54ac-3f68-494c-877c-4633d8565888,2017-05-09T09:11:25Z,aarentsbf@tinyurl.com,Alfi,Arents
32efbdff-e5e5-4597-8bb4-8f2ea69c1152,2017-07-10T03:13:11Z,truttybg@blogger.com,Tyrus,Rutty
9461c68e-fe2e-4ff4-9801-1f4e6e3fef6c,2018-03-07T22:03:49Z,gzuannbh@theglobeandmail.com,Genny,Zuann
f74a112f-d706-41a7-9349-127d9835976a,2017-08-30T17:58:00Z,lsorensenbi@weibo.com,Lana,Sorensen
38719f5b-9776-451a-949b-8dfd165189c5,2018-03-13T00:08:12Z,dmcnirlanbj@over-blog.com,Derek,McNirlan
cdf6fd2d-116c-4743-ad1e-aa9748748ada,2017-04-04T12:03:27Z,pfrowingbk@woothemes.com,Peria,Frowing
24742d85-8887-4d8e-ad03-349ca5c51713,2018-03-29T17:56:42Z,rverneybl@google.de,Ronnica,Verney
da88d0b4-24bc-4b98-851c-f3b2fc1895e3,2017-09-07T03:09:39Z,mmastrantonebm@jimdo.com,Mehetabel,Mastrantone
a680eb13-0089-4186-a6fb-3604427ca4d7,2017-04-29T09:58:09Z,rbroadbearbn@quantcast.com,Randie,Broadbear
970281dd-9792-4a18-8127-13e18ffffe3a,2017-11-09T04:25:04Z,ttregalebo@163.com,Tricia,Tregale
d595a9ed-9de3-4fb1-a953-f5e1a298c254,2017-11-30T10:34:56Z,rparmleybp@weather.com,Raye,Parmley
479459fd-f6c4-4fe9-b9e6-0b6a78d2c149,2017-04-24T04:26:48Z,bsulllybq@harvard.edu,Brande,Sullly
d8115bdb-2a5e-4e06-b05c-ef0e1138b8a5,2017-04-05T13:46:41Z,tclothierbr@si.edu,Tomas,Clothier
901edd6b-663f-4656-acdd-0ead2dbd4287,2017-09-29T22:34:57Z,bsirlbs@home.pl,Beverly,Sirl
f442fb81-0421-4a67-af84-723f0f3e89ec,2017-11-30T11:19:48Z,lstaplesbt@webnode.com,Loren,Staples
6f285ebe-22aa-418a-9139-fc1d7a9baea3,2017-05-14T22:07:32Z,hantonsenbu@webeden.co.uk,Hermie,Antonsen
3d7a7bef-2a6b-468d-a384-f8a7d0451fb0,2017-08-23T01:41:18Z,jerdelybv@pinterest.com,Jarib,Erdely
b216a509-7592-42e1-b60d-0fb0871b4ac8,2018-03-29T06:09:42Z,kzecchinibw@blogspot.com,Karlen,Zecchini
ed270b27-0bf6-4da2-985a-2f56d790261a,2017-07-13T04:35:47Z,orimerbx@godaddy.com,Odie,Rimer
d2ce1cbb-7349-4c66-a6cf-f4255d6c7aaf,2017-09-28T14:57:50Z,croomeby@ycombinator.com,Connor,Roome
e03a5a43-517c-4a27-823d-3a419db3108c,2017-11-16T07:31:48Z,cgirdlerbz@time.com,Cindelyn,Girdler
b2ef6cfd-85a2-4e61-a052-e8e3f489aaaa,2017-05-06T06:03:44Z,vblinkhornc0@marketwatch.com,Vanni,Blinkhorn
227a158a-e90a-4cbd-94ee-25efa64cd237,2018-02-15T21:24:04Z,jbuglarc1@google.com.br,Jo ann,Buglar
875e204a-5a12-411f-a5fe-ed1414834cfc,2017-07-19T22:16:35Z,lshillabeerc2@reddit.com,Luci,Shillabeer
0ea6b3ff-236a-4b1b-ae48-c99f81f996b2,2017-07-13T08:59:00Z,pdarycottc3@businesswire.com,Peggi,Darycott
195b6943-a3d7-4672-8b86-1e2967e1a6b9,2017-06-17T20:18:25Z,omiddlehurstc4@archive.org,Obidiah,Middlehurst
71d406f7-2aa1-4341-a044-8b8bd38b41b7,2017-12-22T16:58:23Z,wguinessc5@squidoo.com,Waverly,Guiness
d1c226d2-eb81-4c19-89bf-083134d7c74e,2017-04-18T17:26:15Z,cribac6@digg.com,Cullie,Riba
f9171be3-d43d-4d45-8421-26105c0ed325,2017-12-10T20:43:55Z,balvarc7@europa.eu,Bob,Alvar
72a582b0-da2c-45d0-9576-66696d263558,2017-12-15T04:33:48Z,ccottrellc8@cdbaby.com,Corene,Cottrell
0955db88-2ee2-4878-b29b-8eb2fb90005a,2017-04-30T16:10:14Z,fconeybeerc9@reverbnation.com,Frankie,Coneybeer
46ca2473-1d1e-46d2-9744-28c0ad1511df,2017-04-10T05:45:29Z,jtimlettca@cisco.com,Jasper,Timlett
c4dcc3ad-4f3e-4518-9999-2c813012ca2c,2017-09-12T00:50:33Z,lmcneillcb@xrea.com,Lorens,McNeill
3bacb384-4ee4-4a03-96f3-0428bf4191ee,2018-02-22T06:47:30Z,rcaveneycc@deviantart.com,Rayshell,Caveney
a60a1e55-0b0d-4080-a774-e73f4d87ce8c,2018-02-02T00:07:51Z,djoesburycd@theatlantic.com,Dag,Joesbury
e62e916f-4c69-4a4d-a44f-c3f79b1b44d5,2017-09-01T03:17:57Z,wangerce@delicious.com,Walsh,Anger
1dd1cc12-d1f0-49ba-a950-6b1d18a73985,2017-10-01T02:34:57Z,scaretcf@plala.or.jp,Sheela,Caret
f2814827-a76c-4278-a150-3f1b2ad38d37,2017-10-03T02:17:07Z,sdemalcharcg@unblog.fr,Sonny,De Malchar
66e647e3-3f50-43b3-b857-64887aa88461,2017-06-21T13:34:03Z,akinmanch@360.cn,Amalie,Kinman
dccb79a9-6887-4035-a098-12079ad7cd0f,2017-08-23T22:55:02Z,calldayci@upenn.edu,Chrystel,Allday
d5a42fec-9b55-40bc-88e2-c067e91f2d82,2017-05-30T16:47:24Z,jwrefordcj@house.gov,Jamal,Wreford
fce2ca6d-d3c0-4578-93a2-480b16ac1eee,2017-10-20T12:30:47Z,brosentholerck@altervista.org,Blaire,Rosentholer
243344bd-7ac0-44ca-9e4b-4e3fafd6f9e9,2018-01-02T07:47:27Z,jfolletcl@reverbnation.com,Jefferson,Follet
9b0b7cc2-6d5b-447f-b137-284e9075136a,2017-04-14T04:09:43Z,sdawidcm@comcast.net,Stanly,Dawid
c5d080a5-70b4-4653-90a0-5e32b6379f27,2017-08-22T06:19:04Z,lwardingleycn@ycombinator.com,Lay,Wardingley
f2645555-c59d-49aa-8e8c-33deaa3a30b4,2017-10-17T22:19:05Z,gcuffleyco@addthis.com,Germaine,Cuffley
f890f179-460d-414d-9aa5-ad8911538815,2017-05-15T17:44:18Z,kkaddcp@biblegateway.com,Krissie,Kadd
b8d8ec2b-53bc-4fec-8d3f-373ce2a7c03c,2017-09-07T01:24:57Z,jeltringhamcq@washington.edu,Jacquelin,Eltringham
72403755-634f-43fc-9020-b244ffd0ab5f,2017-12-27T18:57:17Z,bdelaundecr@behance.net,Brier,De Launde
b1fbf909-b501-4626-916c-6489c7901aad,2017-08-03T11:38:10Z,rhinkensencs@auda.org.au,Rebecka,Hinkensen
7d0331bd-05f0-48ab-9847-b08225f76bd0,2017-06-14T03:04:31Z,msmithinct@google.ru,Marchelle,Smithin
b99d6816-7f48-4b13-87b2-173260568490,2017-12-18T06:28:19Z,ispatacu@seattletimes.com,Ikey,Spata
139f6c4f-a2e9-4750-947d-d0aa20bdb44e,2017-12-20T21:16:13Z,jprincv@squarespace.com,Joelynn,Prin
8062cd7f-951d-4876-b5a3-0fa83c853b6a,2017-07-04T07:04:31Z,doakeycw@jalbum.net,Delphine,Oakey
1a695524-abe3-4d17-b49f-fe9a9411ba4e,2017-07-05T20:43:08Z,cdamiatacx@patch.com,Cyrill,Damiata
010f225c-e7d4-4b2e-8833-723d46904e7d,2017-11-29T07:18:16Z,ofarnorthcy@bloomberg.com,Odelle,Farnorth
cd1164aa-7379-4871-baa7-915d55411b52,2017-07-21T00:04:28Z,tflanncz@foxnews.com,Tiler,Flann
e6b44df9-e5a4-4505-8f0b-af342c83d83c,2017-05-14T20:23:39Z,rgoodrumd0@mail.ru,Robinet,Goodrum
43ce2bc0-0ccb-4fef-9c2a-e2733880c0b9,2018-03-27T01:44:54Z,vfraczkiewiczd1@marriott.com,Vivi,Fraczkiewicz
50bd391f-e231-4c3e-be8e-9e9875032a7f,2017-12-08T06:26:52Z,dmcgloned2@yahoo.co.jp,Dyanne,McGlone
5008dffd-bf3c-4ee1-869d-af2ffec2b5bd,2017-05-11T04:26:08Z,tcourvertd3@patch.com,Tito,Courvert
404b0aff-4563-4d3b-98e6-ec69d81e2b75,2017-11-02T04:25:13Z,clightd4@springer.com,Cristobal,Light
40c85157-ca94-4dd0-a6c5-03ef0f561883,2018-03-05T08:57:24Z,clabroned5@wired.com,Chrystal,Labrone
06d90803-ee9b-4766-b3c8-a0d55b2e42e5,2017-10-30T14:15:50Z,bgiuriod6@dagondesign.com,Barby,Giurio
c639e75f-bddf-4076-92db-ce9efe2ae958,2017-04-10T21:02:15Z,ecooringtond7@feedburner.com,Evelina,Coorington
4408aade-69d7-4136-acee-1040df79f366,2018-01-12T05:44:28Z,lschoolingd8@phoca.cz,Leonelle,Schooling
a81ba8f5-ba23-479c-b9b9-ed474320bb86,2017-05-07T23:31:40Z,gperksd9@google.com.hk,Gottfried,Perks
337f021b-0f13-4464-bf04-5bc5befd923c,2017-07-05T23:21:17Z,bcourtonneda@php.net,Burg,Courtonne
b52e2e5f-daab-47a9-8257-173847cbfb25,2017-08-26T10:26:32Z,gaimsondb@cdc.gov,Georgi,Aimson
89d7605e-1847-4a3a-9d63-b5c9d2b270b7,2017-05-22T16:29:22Z,sdickerlinedc@blogger.com,Shirlene,Dickerline
34c7d501-5efc-4fa1-9c8d-f288ba6eb29c,2017-04-11T19:48:06Z,cwestermandd@icio.us,Cassy,Westerman
77e01ff8-18de-4bb3-8007-420bb6561a55,2017-07-16T00:48:06Z,rrackde@wisc.edu,Rodrick,Rack
dbdf087d-9c14-442f-b7d4-40a1e42f4da6,2017-11-03T19:33:00Z,aottondf@miibeian.gov.cn,Arne,Otton
a25abf86-40e2-4116-bb3c-4f91dffe311b,2018-03-14T21:07:16Z,ckarpmandg@nbcnews.com,Cosette,Karpman
74801e86-0ab8-4ae3-87bd-fd6577671f28,2018-02-16T01:54:16Z,nrodmandh@free.fr,Nessi,Rodman
95a99808-1ea5-4537-98a7-256d57c0c251,2017-06-26T19:42:23Z,ccroftsdi@hao123.com,Carlie,Crofts
37b57efe-dddf-4fa0-aa30-731a98c1d047,2017-09-14T16:35:30Z,acoathupdj@weibo.com,Ali,Coathup
2f266e07-42f3-40c8-a0e5-0347f124c4b1,2017-07-25T10:27:15Z,ehaggletondk@youtube.com,Ebba,Haggleton
9f1775b8-f869-4eb6-b382-9690bda260e1,2017-08-02T18:51:39Z,itomasinidl@a8.net,Ivory,Tomasini
752e3c8d-fd3d-4dfc-be45-375ac1877a81,2017-06-13T09:07:18Z,jchezelledm@simplemachines.org,Jeanine,Chezelle
bbba8594-82f2-49ff-9457-b1ec6004486b,2018-01-17T14:42:35Z,pveelerdn@fastcompany.com,Phedra,Veeler
6de295e9-af73-477d-a4ca-7b776a6477a7,2017-06-27T07:28:26Z,druddledo@reverbnation.com,Dal,Ruddle
be4807cb-e1ea-4879-a2aa-2e22ffb812db,2017-06-27T01:27:09Z,bdameiseledp@bandcamp.com,Bel,Dameisele
5fa53776-ad43-4873-841f-c05d4f296231,2017-08-01T04:34:28Z,adebilldq@who.int,Astrix,Debill
4ac2e74a-ef36-4be9-b57d-ebeab21599e7,2017-09-19T19:10:19Z,llangedr@qq.com,Lucio,Lange
bc15df3a-56e1-4bd4-8e39-86680f394fa3,2017-09-02T15:31:23Z,hlongstreethds@eventbrite.com,Harrison,Longstreeth
f856ee53-6676-4084-a798-9abc97186966,2017-12-06T12:37:58Z,nupjohndt@tinypic.com,Nessie,Upjohn
af08371b-811f-4801-81c8-cd132f4c0f47,2017-08-03T23:19:38Z,ewarhamdu@shutterfly.com,Ephrem,Warham
4cb84735-98e2-4eea-990b-01b1d1d38060,2017-11-21T16:04:11Z,sgaiforddv@tinyurl.com,Sheppard,Gaiford
f504973b-e38d-46cc-b516-e69b22b9b07f,2017-04-17T22:08:21Z,ccanadw@epa.gov,Consalve,Cana
ab5a4d81-940a-4a6e-9adb-0f6392d7c116,2018-01-14T19:34:46Z,gsommersettdx@cornell.edu,Guthrie,Sommersett
9eb84a61-a22a-46bd-b7ce-aca4681a02a2,2018-02-15T16:29:32Z,njaycocksdy@nytimes.com,Nikolia,Jaycocks
7d9840cd-7a13-4cc8-9397-dca764ab798f,2018-02-11T14:37:30Z,cfanthomedz@newsvine.com,Caspar,Fanthome
e1931c19-bc9f-4c22-95fe-24385fba46ae,2017-10-14T16:49:00Z,dcallisse0@washington.edu,Damien,Calliss
25b02ddf-e03d-4cff-82af-2a905f086461,2017-07-17T14:49:04Z,irodolfie1@seattletimes.com,Irene,Rodolfi
acf4c7ec-a493-40ad-9480-f54c2fce5145,2017-08-31T20:18:55Z,kcastagniere2@ihg.com,Katine,Castagnier
bcebd895-e235-4fc3-9562-56c49c8381f7,2017-07-29T19:31:36Z,mhallidaye3@forbes.com,Marlon,Halliday
53ba1185-1de0-41f5-9d51-38356329805a,2017-06-25T23:04:28Z,bcaccavalee4@ucsd.edu,Basil,Caccavale
eaea6727-ae1b-45e2-8ef9-c273aeac86a9,2017-05-26T11:42:57Z,ctompsette5@dailymail.co.uk,Caitlin,Tompsett
0f074469-470d-42d7-a7b7-8c4cb064eac5,2017-05-30T05:13:49Z,iivannikove6@biblegateway.com,Ingunna,Ivannikov
e9a88299-63d7-4961-bf38-297d9b500aff,2017-11-27T03:58:27Z,bstigelle7@cnn.com,Bunnie,Stigell
6b657739-08f4-4eb2-8081-2a45a2a71fd7,2018-03-06T01:07:23Z,thenkere8@friendfeed.com,Terry,Henker
19481649-00b4-40d3-89e5-4d6065fd7f70,2017-05-06T02:57:45Z,vzaniolinie9@blog.com,Virgil,Zaniolini
efb39ad2-54f2-4211-ad08-76b6d9b61483,2017-10-19T15:44:06Z,pplackstoneea@usgs.gov,Pete,Plackstone
2fc2f374-134f-45fa-8ed5-96fde20e269f,2017-05-26T09:18:43Z,ggrimwadeeb@ucla.edu,Giorgio,Grimwade
4e271286-3e1c-424a-a09b-8e98a94d57af,2017-07-22T01:38:51Z,rbaldinottiec@hhs.gov,Rodolfo,Baldinotti
ebc968af-7b7b-43cd-b240-6c4edf89c934,2017-06-22T00:11:10Z,rscuttsed@dailymotion.com,Roby,Scutts
b63770ef-63db-4ff8-87e2-d3c6f6db0ccd,2017-12-25T07:26:37Z,bludlomee@tinyurl.com,Bradney,Ludlom
f3d3f97f-4af6-4ad2-b27e-723e3d87df8a,2017-12-19T12:01:26Z,maronovitzef@bigcartel.com,Mada,Aronovitz
68a9024f-30ac-4bf2-830c-2c79b3e00210,2017-04-09T02:27:02Z,kboleyneg@vinaora.com,Kassie,Boleyn
43b94d9d-24df-463c-b644-005107d10228,2017-10-19T13:53:29Z,lstuddeeh@businesswire.com,Lanni,Studde
465ab442-8861-49da-9ae9-783635050886,2017-09-24T22:41:05Z,mgonsalvoei@ning.com,Marchelle,Gonsalvo
9384c483-14ef-4fee-8d6f-4dfdf359a778,2017-08-03T09:11:52Z,mdunderdaleej@elpais.com,Marylynne,Dunderdale
b3e8d5b9-0cdb-4773-ad64-ebbef433f5ad,2018-02-27T19:53:49Z,kparffreyek@macromedia.com,Kendall,Parffrey
a75abbcb-702b-4f9f-be93-b76fe188191c,2017-11-23T05:15:41Z,vsanjael@bbc.co.uk,Vicki,Sanja
d30be56a-45d0-4d83-a4c7-ccaa002ab1f3,2017-12-09T03:07:51Z,ktumiltyem@angelfire.com,Kenna,Tumilty
3618c85e-b814-49ed-a8a1-b861730c82c4,2018-01-31T12:28:46Z,tandriesseen@wordpress.com,Tonie,Andriesse
6aa9f3e3-d098-4fdc-ae93-6c06dfdd4d57,2017-10-04T17:10:11Z,rlaythameo@redcross.org,Rhonda,Laytham
5a4c3a78-bd1e-41b7-b1fb-e8452143df06,2017-06-21T10:30:55Z,rnoblesep@freewebs.com,Raynor,Nobles
9c7b6c8d-f8be-4408-8949-08ca9391cb76,2017-07-16T20:01:11Z,mcaccavellaeq@senate.gov,Monro,Caccavella
d068df6f-a744-4c0c-98a6-0944b039c034,2018-03-22T08:02:39Z,tbonelleer@spotify.com,Tabby,Bonelle
1b72ac13-7241-4eeb-aa6d-60588b39fe85,2017-05-03T14:10:56Z,bratchfordes@behance.net,Brietta,Ratchford
35db657b-20d2-4aea-bc26-21b54243d842,2017-04-23T20:34:53Z,awayteet@pinterest.com,Alberto,Wayte
ddc234ba-df18-49c4-a2b2-29b534630412,2017-07-18T19:18:20Z,srogiereu@geocities.com,Sherri,Rogier
492c5654-23aa-46c9-8b36-7f3e367609b9,2017-05-30T18:03:51Z,wbougheyev@domainmarket.com,Wendy,Boughey
f09da30c-ca85-4857-9610-b2e4ba4f3a5e,2017-12-27T00:59:34Z,sdowdeswellew@networksolutions.com,Shermy,Dowdeswell
ada80b21-49ce-4748-ab2f-94589072eb72,2017-07-24T07:00:24Z,kduthieex@addthis.com,Kariotta,Duthie
f71d6e2a-6f8c-4b9c-92a4-44a2abfbde3f,2018-01-04T04:45:31Z,ldomoniey@reverbnation.com,Lief,Domoni
267c3b7d-7bbd-4cc7-81a2-e15ac4b91c65,2017-11-06T03:22:22Z,iisardez@ucoz.ru,Inesita,Isard
886c4327-95fd-4e80-8795-72f106361a2f,2017-04-22T02:24:11Z,dhodcroftf0@wikipedia.org,Doti,Hodcroft
522afe9e-d23c-4fb2-8c9d-2f09b410d57f,2017-08-23T17:13:44Z,gthextonf1@netvibes.com,Gabriela,Thexton
591e666c-6dfa-41a9-9740-74af7d2a181a,2018-02-08T11:11:13Z,scazereauf2@intel.com,Sherwynd,Cazereau
03d6bcc2-51d8-4ae3-82cb-637530e28c5c,2017-08-06T20:57:02Z,dthorntondewhirstf3@ucla.edu,Dacia,Thornton-Dewhirst
71862a82-a253-4d15-bfbe-a4a7cc4340f2,2018-02-15T11:50:25Z,fbalshawf4@friendfeed.com,Freeman,Balshaw
bda99494-ec0b-43eb-951e-0de03a364d98,2017-09-08T03:42:38Z,tkrystekf5@alexa.com,Trudie,Krystek
2f273fc7-569a-4571-a69c-d9fb61a4040a,2017-11-08T18:32:01Z,radsheadf6@irs.gov,Rozanne,Adshead
c7f768c8-c9f1-4220-b206-10912cc38460,2017-07-26T00:49:15Z,cshropshiref7@scientificamerican.com,Cordy,Shropshire
88f00e94-dbc3-47e8-8ba3-a9d54ffb7019,2017-04-26T01:46:36Z,edearf8@yolasite.com,Elliott,Dear
cdc86220-8800-4610-982c-ecbdeca012f0,2017-10-07T06:00:59Z,fadanf9@ocn.ne.jp,Franzen,Adan
c93c73a8-2407-4268-9745-1740527129c5,2017-04-04T15:45:12Z,hsperingfa@elegantthemes.com,Harrietta,Spering
842f45fa-f431-4c98-8f36-86488816a63d,2018-03-29T23:44:09Z,aragdalefb@infoseek.co.jp,Alyce,Ragdale
ca6604e5-89a9-4719-868c-c2ea1669719d,2017-12-19T04:25:13Z,nbudgetfc@t-online.de,Natala,Budget
f377483b-0418-475a-be76-0f3f2225444b,2017-06-24T10:03:40Z,shartgillfd@abc.net.au,Shalna,Hartgill
1c818c16-37ef-432c-abe6-4c17cbc13df8,2018-03-23T06:03:11Z,vbretlandfe@who.int,Vina,Bretland
f7324a71-5364-4e4a-be48-d32f65ae4557,2017-06-17T23:47:16Z,kshayff@tmall.com,Kerwinn,Shay
b1854332-b90e-4504-b44c-9bba1e9c7923,2017-11-04T23:52:11Z,fworrallfg@instagram.com,Francyne,Worrall
35bc5337-8c49-4282-9a0c-e232b9552ea2,2017-09-29T12:09:29Z,jbarnsonfh@g.co,Jordain,Barnson
12e34617-e7c8-4fcf-8666-d6299376cd4d,2017-11-02T11:33:40Z,aselburnfi@over-blog.com,Aurel,Selburn
502981af-278b-422e-b1c1-d6f2c691e453,2017-11-25T18:11:41Z,cgyverfj@pen.io,Carrol,Gyver
dcc597ce-1960-45a3-8cb1-c90588bc1f2e,2017-06-04T02:15:55Z,efaichneyfk@sciencedirect.com,Emmaline,Faichney
8b1bb098-93d3-4a6a-a22a-aa61f7f270a1,2018-01-17T05:59:35Z,lwimmerfl@csmonitor.com,Lucilia,Wimmer
700112fb-3eb2-4386-a3d5-184a067df773,2017-06-14T07:48:00Z,nschwandnerfm@w3.org,Noelani,Schwandner
14af59a6-2d32-4b5a-8f2f-4e86b94ab586,2017-04-19T09:46:03Z,aropckefn@lycos.com,Arty,Ropcke
4ec429f7-8400-4877-8d13-b9b7dbb90314,2018-01-13T16:11:38Z,gfurmagefo@bravesites.com,Guenna,Furmage
d0b9a405-013f-45e1-a3f3-b5fe23fc9f2e,2017-05-20T07:18:18Z,ndarringtonfp@behance.net,Nate,Darrington
f951726b-a18a-4ad3-8662-cb8f97fecea6,2018-02-06T14:03:43Z,dbasefq@kickstarter.com,Denys,Base
f517feef-79f5-449d-b6db-4f73a1e37b82,2018-01-27T21:42:49Z,laccombfr@ebay.com,Lucretia,Accomb
0bd72f39-1405-415e-86d0-c4b3b4a7ab26,2018-01-29T20:09:03Z,isaffefs@elpais.com,Ike,Saffe
0c393934-97cb-498e-965e-d120285511c4,2018-01-24T03:23:30Z,fquinseeft@newyorker.com,Frayda,Quinsee
696037f0-8dea-43a5-a676-fe28597ec494,2018-01-12T18:42:02Z,jackhurstfu@virginia.edu,Jorry,Ackhurst
f5c45882-819a-4d78-8b4d-c50ec3ce86f8,2018-02-08T01:42:31Z,josuairdfv@businessweek.com,Jennine,O'Suaird
0a34fc46-b3c7-41c2-a4e1-8e219786cd55,2017-11-09T02:02:05Z,nvasinfw@yelp.com,Neddy,Vasin
c07ed8da-db1f-46e8-aae2-338945904d90,2017-08-17T19:36:31Z,jgniewoszfx@etsy.com,Jill,Gniewosz
061e75cd-cbcd-4087-8b30-67dec55614b1,2017-08-26T00:16:06Z,jdudmanfy@cocolog-nifty.com,Jemima,Dudman
ac7929fe-3446-4c45-ba4d-62257b2f258f,2018-01-23T14:59:11Z,sbebbfz@eventbrite.com,Selinda,Bebb
7df5aa2e-8460-4796-92f2-0d62746aebd5,2018-03-30T23:14:55Z,wantillg0@google.nl,Waylon,Antill
567bf79c-e4b6-425f-85c8-42d42d2bca62,2017-10-27T12:25:54Z,kbridatg1@tuttocitta.it,Kellina,Bridat
0ed8dc98-3dbb-4e83-9ad9-e76c921f9211,2017-10-26T05:13:34Z,mkrierg2@nymag.com,Mahalia,Krier
aebf5a56-71c2-44b0-b615-2a70db9c40e3,2017-07-08T09:30:47Z,rtrailg3@about.com,Rog,Trail
c56450cb-15e8-4523-9a74-69395ddee319,2017-11-03T05:50:53Z,bspilstedg4@bing.com,Burke,Spilsted
21c18dfb-4421-4800-b296-949276db5f41,2017-08-28T04:53:28Z,hkinzelg5@studiopress.com,Helene,Kinzel
841a3c88-b680-4c82-af64-2cd8be585cbd,2017-11-23T00:30:02Z,ggogginsg6@rakuten.co.jp,Gareth,Goggins
1aff7ffa-35a1-4fdb-b0c1-4ce96698ddca,2018-03-23T04:04:01Z,efairheadg7@edublogs.org,Elianora,Fairhead
9f59ba41-71bc-4a79-812c-59d02c19e6b3,2017-08-23T04:47:47Z,gemeneyg8@mail.ru,Gilbertina,Emeney
79514455-fb6a-4356-9b11-72797ff77e05,2018-03-13T09:21:31Z,cmaciejakg9@about.com,Cleveland,Maciejak
15a2c9af-05a0-4d2e-8b46-5e47b37e2d01,2018-02-09T04:11:42Z,mblabyga@auda.org.au,Myrta,Blaby
ca5a08d1-b19d-4dc5-9b6b-0ce1cbf458e7,2017-06-04T23:01:11Z,gfancettgb@cisco.com,Gae,Fancett
a2b6c5eb-ea17-486f-b968-871b620fecbc,2017-10-13T07:21:51Z,czorngc@aboutads.info,Charla,Zorn
3ca8c6a7-fe2a-49e7-9db4-cdc2016f87ed,2018-03-04T14:28:20Z,cshrubshallgd@indiatimes.com,Claudianus,Shrubshall
a6ffbf32-eb41-4a7f-986c-a33cf32aa342,2017-05-03T20:11:38Z,aastiege@bloomberg.com,Amandie,Astie
e9a659a8-73a1-4577-a805-db58e3bc2424,2017-11-28T18:37:32Z,rerridgegf@altervista.org,Roxanna,Erridge
8197ecae-415f-4016-beb9-dd413500266c,2017-12-19T17:13:08Z,ddewburygg@sphinn.com,Drusilla,Dewbury
68bb5a93-6d2a-4e45-a0b6-ae347ff6778d,2017-07-09T15:59:49Z,bbathamgh@yahoo.co.jp,Buiron,Batham
86cdc630-8a7f-4262-a6e0-2ec1d08c549d,2017-12-13T08:30:09Z,ttaphousegi@mozilla.org,Timmi,Taphouse
9bc6079e-ed8e-4cd1-ba14-1394e2710241,2017-08-12T15:50:42Z,lsandwickgj@reverbnation.com,Lesli,Sandwick
76878682-0f0e-4e6c-850f-d9703dc08c06,2017-08-01T06:47:21Z,qeasomgk@theguardian.com,Quinn,Easom
fb9d43d1-1d2f-4532-83e6-db081de7e8db,2017-08-20T17:44:02Z,dquerrardgl@house.gov,Dottie,Querrard
01b03d96-7934-4f3f-af2d-7abeb466ca56,2018-01-17T21:42:19Z,kpeterkingm@forbes.com,Katharina,Peterkin
e67d9bc5-dd50-4731-8d99-ab42bea62727,2018-01-13T13:35:29Z,tillidgegn@rediff.com,Tyrus,Illidge
9f7e0bcb-adfb-4540-9056-5aec04822953,2017-11-12T12:04:17Z,gcarlylego@wikipedia.org,Garwin,Carlyle
c9cfc57e-216b-4910-ba41-5f5808302366,2017-10-05T22:22:42Z,bbentzengp@wikia.com,Bren,Bentzen
da1dfe09-eb3b-4fc3-8654-0b20cd49596f,2018-02-25T00:39:38Z,vcloutgq@springer.com,Vassily,Clout
ed6ccc12-d994-4c99-93ef-80ed56664f17,2017-07-01T17:59:20Z,hbendikgr@mozilla.com,Howie,Bendik
e8f6ed98-b2b7-488c-888c-67ebfdfece3f,2018-02-02T04:21:32Z,zhaswellgs@friendfeed.com,Zara,Haswell
c3f4a9bd-fb68-4fe9-bfb4-17353eff4803,2017-12-20T20:40:54Z,oprendergrastgt@mozilla.org,Olwen,Prendergrast
60ab94ad-fd58-4fbf-a548-2b80e194856c,2017-04-27T14:11:24Z,enovelligu@merriam-webster.com,Evin,Novelli
bf57da86-ae26-4837-a9d6-aa9ceabb8893,2017-09-20T12:46:07Z,afarlhamgv@bbc.co.uk,Adamo,Farlham
980f2a41-d6a4-4dcb-978a-5ce6be3ba0ab,2018-01-21T03:15:37Z,dnoddingsgw@wsj.com,Diann,Noddings
468cd54d-1a43-4624-a02c-95ca77f4e08f,2017-11-24T01:07:47Z,rshulvergx@technorati.com,Reagen,Shulver
49e3d181-2975-44a1-b95e-4ab009843184,2017-08-13T08:00:58Z,ahellekergy@nydailynews.com,Alisa,Helleker
074e81b2-f001-489b-b008-c0f23781376e,2017-10-18T12:22:59Z,goswickgz@auda.org.au,Ginger,Oswick
2f264aa0-f8cb-453a-8151-5530a90a6147,2017-08-10T17:00:09Z,sdohertyh0@home.pl,Simone,Doherty
bb7c56bc-fa43-4199-8c0d-a79db39aa016,2018-01-13T11:08:51Z,kcharlewoodh1@wordpress.com,Karoly,Charlewood
9e06b2e5-29f1-4290-950d-e7a4af2f9bdf,2017-12-11T12:05:26Z,dbavageh2@technorati.com,Doralyn,Bavage
9d08f709-42a8-4207-875d-c3be30a31805,2017-06-07T02:23:58Z,dpennonih3@umich.edu,Danice,Pennoni
eba556d4-9d9b-462e-a616-54d49e06c646,2017-10-20T17:45:02Z,kflowerdewh4@berkeley.edu,Kimberley,Flowerdew
227988a9-3070-4109-b421-ed29730d8155,2017-08-23T21:54:10Z,cadamh5@odnoklassniki.ru,Chrysler,Adam
5e8ef3a6-d7c7-4cd5-a546-f12880924bdd,2017-12-09T17:16:19Z,osorrellh6@loc.gov,Oren,Sorrell
1ae400ff-e02f-41fd-94ba-0ef084a2ace6,2018-03-05T03:36:22Z,pcoltarth7@mediafire.com,Phyllis,Coltart
de9131b2-2397-4362-b25e-82ba99e48461,2017-05-17T11:36:03Z,hfrenzelh8@nymag.com,Haskell,Frenzel;
ca626dff-42f5-483c-83e6-90fd484c1ad7,2017-07-13T01:50:49Z,zrapaporth9@archive.org,Zorah,Rapaport
f9d88cc0-2a60-47b7-98e9-16855edb1a2e,2017-04-30T20:04:44Z,vfinlayha@histats.com,Valle,Finlay
75f24286-5b20-435e-8289-95bf21877879,2017-10-15T20:16:34Z,dtregienhb@omniture.com,Desmond,Tregien
78575c9b-f1e4-48bc-aaea-0ea2fb05b46c,2018-03-04T10:11:03Z,tsallerhc@comsenz.com,Torrance,Saller
2b35ed41-d3d4-4599-a5a4-fad7e6a9d4b5,2017-04-13T09:21:49Z,dpullerhd@aol.com,Dinny,Puller
a1e7b639-f1f8-4ea8-a9a2-fdb55930c76e,2017-08-06T03:39:56Z,nashforthhe@ask.com,Nichol,Ashforth
e23d730e-9f31-4478-8c27-de487cd4639e,2017-06-09T05:31:14Z,mgrigolonhf@4shared.com,Marga,Grigolon
4c1d0a2c-a589-4e08-ace3-1e31d2278314,2017-08-08T02:49:00Z,ccopestickhg@intel.com,Crosby,Copestick
8317901d-2dab-4968-8ea4-abdfb7aace68,2017-09-06T12:41:30Z,dlangsburyhh@flavors.me,Danica,Langsbury
9093ce51-9efb-4724-8a9a-5169dda0dcab,2017-06-17T10:42:33Z,kkorbmakerhi@wikimedia.org,Kaleb,Korbmaker
be41b84b-a9da-4925-8320-26f7e969c2a0,2017-04-13T11:12:03Z,ggirardettihj@so-net.ne.jp,Gratiana,Girardetti
12f30c75-0c38-49f9-9b7a-59e948076da8,2017-04-18T23:44:29Z,jcrocettohk@businessweek.com,Jacobo,Crocetto
3b500cae-ab80-454d-86c9-125511be8c3e,2018-03-13T21:09:40Z,mleverentzhl@e-recht24.de,Marleah,Leverentz
9655e4d6-257d-40d4-b366-22fd1ae7a5d1,2017-09-01T02:57:19Z,kkubalhm@theglobeandmail.com,Kelci,Kubal
6cb5f11e-6f62-429c-b47e-0456a2e16c7f,2017-12-06T10:04:52Z,jbuckhamhn@51.la,Jayme,Buckham
f929e445-6a90-4db6-af20-a8d38565ec1e,2018-02-11T01:31:43Z,hlodewickho@php.net,Heidie,Lodewick
299ee84c-6db8-45c1-984f-e0370a234e53,2018-03-04T08:57:09Z,bluckingshp@marketwatch.com,Bevon,Luckings
419d33dc-b39f-4be3-bc0b-3d056a0c2a0c,2017-08-04T10:30:06Z,qfaganhq@about.com,Quinn,Fagan
fa9bbd9a-4cc7-4ca3-bd6d-e9ca2c4cd006,2018-02-24T01:34:51Z,ssabatehr@artisteer.com,Sabina,Sabate
99bccdee-bbe8-4578-8d91-e3fdbb0ac438,2017-11-24T15:02:28Z,acolombhs@ucsd.edu,Anjanette,Colomb
06851af4-c45b-4400-a418-5996cf80923d,2017-11-18T19:28:08Z,rstarbeckht@va.gov,Ring,Starbeck
fb488c26-86dc-4455-9b18-3f1a8cd7a3d0,2017-06-11T21:43:25Z,cdobbingshu@mapquest.com,Calla,Dobbings
39e0eb1a-443b-48a1-bd3a-9dbff541eabc,2018-02-25T03:13:57Z,ntrippackhv@123-reg.co.uk,Nevile,Trippack
f080be87-5f47-4b00-82dc-c9ff0f2ebd3c,2017-09-24T01:57:18Z,ydevinnhw@geocities.com,Yettie,Devinn
184d3988-6a55-4187-9421-91606ebed6d8,2017-08-08T16:20:50Z,blowrehx@nydailynews.com,Blair,Lowre
afe58166-667c-403e-bdf9-39bc21e54a1f,2017-12-21T06:34:27Z,mokinedyhy@wufoo.com,Murielle,O'Kinedy
f49e3f23-5847-4b7d-9f52-162a56f4301c,2017-08-11T07:01:11Z,bmooringhz@utexas.edu,Blanche,Mooring
76907df0-46b3-4250-8512-9c88ef90ecfe,2017-07-15T20:01:53Z,ebaggotti0@phpbb.com,Emyle,Baggott
fd1ed9b7-8734-42ad-a041-3dcb1fb945db,2018-02-14T00:23:03Z,pbrazili1@cbslocal.com,Perice,Brazil
0b4d0fe9-7450-4036-bcdc-e6e78571170f,2018-03-28T11:20:48Z,rannetsi2@wufoo.com,Rudolfo,Annets
470daae7-fa9a-4c35-ae9d-e552c9d6e703,2017-04-05T04:34:39Z,pbleythingi3@woothemes.com,Pren,Bleything
78847f50-de5a-4645-8ac5-e6509f6666f8,2017-04-12T08:45:27Z,hholylandi4@xing.com,Hobard,Holyland
aabfdcc0-6e14-426d-a898-0eb84630e365,2017-11-09T12:02:27Z,enewdicki5@phpbb.com,Eryn,Newdick
9cd94451-7a64-40cd-842e-bc70ef47e6bb,2017-12-18T20:19:12Z,tmaccollomi6@google.ca,Tiffie,MacCollom
1a9c309f-21b1-419e-a9b0-396814ee6a0f,2017-11-06T20:51:58Z,vduni7@google.cn,Veronika,Dun
e39e1ccc-09e0-403f-b66d-cb5a42988d06,2017-07-27T08:40:14Z,phimsworthi8@adobe.com,Phip,Himsworth
7574fb6f-5049-4ddd-8da5-057c650973f4,2018-01-24T15:30:56Z,lmacaleesei9@google.ca,Lanie,MacAleese
b9246123-1e2f-413d-9e53-404dbd7ede88,2018-03-25T18:46:20Z,guphamia@youtu.be,Gael,Upham
89d290bc-67e1-41ae-9ff0-cb2183fbe8a8,2017-10-30T18:07:12Z,jgandeyib@examiner.com,Jordan,Gandey
81594d64-bcbe-4432-9096-49eee33afb5f,2017-06-14T15:24:58Z,cpiresic@unblog.fr,Claudianus,Pires
a5d543a7-f37e-42be-9419-e5991106c5bc,2017-04-18T10:11:09Z,tphebeyid@gov.uk,Tris,Phebey
aa71888c-ff5a-4e51-8fe9-f7cc74a2f847,2018-02-24T03:47:42Z,mlorainie@nih.gov,Marleah,Lorain
987ba5b0-db95-4610-9076-edbde4a36eda,2017-11-18T20:33:43Z,wlantryif@biglobe.ne.jp,Wainwright,Lantry
23489372-258c-4520-abdb-cd8af9432c16,2018-03-04T16:42:40Z,sloffheadig@github.com,Steffie,Loffhead
b509b7d9-38ec-42b4-acc0-d67c63050ce4,2017-12-26T19:24:19Z,dnowickih@prnewswire.com,Darline,Nowick
6298cd9f-2053-4c16-b0c7-66bbf9f62325,2017-05-17T21:14:43Z,hfarresii@w3.org,Hyacinth,Farres
fbb41797-a8dc-4dd0-a996-eafd590ce3f9,2018-01-12T23:06:52Z,mcraftij@bluehost.com,Marcile,Craft
3b39ab5b-7f50-4a28-8e20-14c0893ff0f4,2018-03-02T11:12:00Z,tmirandoik@amazon.com,Titos,Mirando
9d50acb5-c233-4582-bdc8-65f1ffcca027,2018-03-31T06:10:07Z,enotonil@paginegialle.it,Edna,Noton
00f636d7-ebb7-4c2c-852b-091705bf3ac5,2018-02-08T16:20:52Z,reglintonim@amazonaws.com,Robby,Eglinton
071a8823-e1e6-4939-b9d9-979d7caed0f2,2017-04-15T10:32:54Z,fspavinsin@sbwire.com,Felicdad,Spavins
67e7ce28-5beb-44a0-ac31-429bfb3b5b44,2017-10-22T08:40:04Z,tkenwortheyio@bing.com,Tobi,Kenworthey
d5020fe2-340c-4384-858b-426563c73493,2017-09-11T00:53:29Z,aondrousekip@over-blog.com,Ailee,Ondrousek
4320caa9-bd4e-4469-8ac8-5a031d366c69,2017-04-25T08:20:47Z,hroscamiq@wikispaces.com,Hallie,Roscam
2d577314-daa3-41f0-bc65-493b3ce292f5,2017-12-03T12:43:29Z,rboostir@state.gov,Rodney,Boost
2066314b-91fd-4c10-89a4-b310b6e92d09,2017-12-20T10:40:41Z,rmousbyis@state.gov,Rosalie,Mousby
dcbf5446-8dd1-4297-961d-649f474c018b,2017-10-28T03:08:03Z,glongstreetit@cdbaby.com,Ginnie,Longstreet
deab8ac2-2e13-40fb-a8d3-38bce002199c,2017-09-19T12:07:09Z,pkillichiu@wordpress.org,Pernell,Killich
c55d40a4-691d-4b79-8042-c1e5034458fc,2017-09-02T12:31:10Z,acaccavariiv@geocities.com,Andriette,Caccavari
e07b3a2c-93f9-40e1-88a4-b80f30b80439,2017-11-27T02:49:29Z,svynehalliw@constantcontact.com,Sapphira,Vynehall
7f6b7e38-a211-4f09-8858-2f07952c53f3,2017-07-17T00:02:26Z,ddunsterix@adobe.com,Dalton,Dunster
07bc79ef-8b18-41ae-94a5-d8a5df114f43,2017-04-10T00:56:32Z,ceneasiy@auda.org.au,Chryste,Eneas
198dd683-21f5-46f3-aad1-8a93de5bb8c3,2017-06-02T15:26:54Z,rerettiz@pen.io,Rafaello,Erett
2a630b02-782b-483c-85c8-7512b6aa3eba,2017-10-31T01:41:33Z,cdwinej0@omniture.com,Cyril,Dwine
ba5288ef-98f2-4a39-ae30-b1ce7cbb00a1,2017-12-05T04:00:34Z,vrentenbeckj1@sciencedirect.com,Veda,Rentenbeck
31762a25-f06b-4544-84b5-0973af21e262,2018-01-20T09:47:53Z,eholttomj2@wix.com,Ellette,Holttom
0103d96b-4519-4584-930a-c6a4bf860906,2017-11-13T04:05:08Z,esloatj3@abc.net.au,Englebert,Sloat
7c557258-e51c-47b8-9e94-67586818ce4e,2017-11-23T22:30:56Z,aclinnickj4@utexas.edu,Audra,Clinnick
6824df91-44cf-4a93-ab80-ae41e23592bb,2018-02-02T18:15:13Z,ahilbournej5@baidu.com,Angy,Hilbourne
8cbbaa37-086d-4dd6-b0a1-d352d957fc23,2017-08-17T12:00:42Z,kmulvinj6@mtv.com,Kippy,Mulvin
6a66d608-0194-4e9a-93e8-b7604f7a6350,2017-06-04T17:48:07Z,mbisonj7@washingtonpost.com,Maurits,Bison
99324a84-8747-4c22-b328-01921e9420d1,2017-12-28T07:22:00Z,bmearingj8@wikispaces.com,Bobbette,Mearing
fd914693-c924-45f3-a0c3-534f26dd7fa9,2017-07-29T00:55:56Z,gconnealyj9@symantec.com,Ginger,Connealy
ba7af065-1239-46e4-adfe-64b244c8b1e6,2018-02-18T04:09:17Z,lgertzja@wp.com,Lazar,Gertz
b9684578-9af2-4530-8faf-1f0a5746e1ef,2017-07-10T17:16:17Z,tvynalljb@acquirethisname.com,Tabina,Vynall
cb79016c-4844-4e98-87a2-740a6961bce3,2018-04-01T10:32:20Z,fkilbanejc@phpbb.com,Franz,Kilbane
e2189df1-e84e-4292-b943-93dd93126b11,2017-05-25T08:53:54Z,ivearncombejd@tmall.com,Ichabod,Vearncombe
fb9f0be9-7f48-4b0b-8761-b97dcf6cf48c,2017-04-30T03:47:03Z,dhammermanje@who.int,Darin,Hammerman
ae05ea8e-2cdb-48bd-888c-fddc7d382e78,2018-02-20T01:34:41Z,mswindenjf@studiopress.com,Malvina,Swinden
ed17a677-2547-4378-8a86-d2ee11dca831,2018-02-21T09:17:41Z,rhaileyjg@networksolutions.com,Rudd,Hailey
cc9877ee-2dca-4af4-a5b4-cf8ca0acfcdf,2018-02-24T04:41:18Z,gbrodiejh@myspace.com,Griff,Brodie
6ac09db2-5346-4a57-ac08-813bd092e752,2017-10-31T22:42:33Z,dcumberbatchji@constantcontact.com,Dasi,Cumberbatch
397e9b70-cb44-4bae-ae43-e6d2a642448a,2017-09-28T05:18:53Z,adockrayjj@bluehost.com,Antoine,Dockray
1fdb20c8-a0e0-403d-9df6-3cb274e1be9d,2017-05-07T23:51:58Z,aalyutinjk@cbc.ca,Ardith,Alyutin
c7a19c4a-6920-41a3-91bb-95942ba6f5ec,2017-11-04T12:00:40Z,fepinayjl@ted.com,Florian,Epinay
b64e2a5b-784e-4fa8-979a-fefbfc5f0039,2018-03-16T20:52:03Z,rhendriksjm@census.gov,Raphaela,Hendriks
cabfa444-6abb-4f39-a91f-b947ed6c6bac,2017-07-24T12:22:49Z,bcourtenayjn@springer.com,Berkley,Courtenay
7a6dd479-b2b5-4abc-a386-5f8355043629,2018-03-02T12:35:06Z,rtoothilljo@qq.com,Reed,Toothill
1fa8c218-b1e1-42e1-99d5-5fab043e4f4c,2017-08-26T09:43:32Z,vdehmjp@whitehouse.gov,Vivianna,Dehm
ca64ef91-dc41-4032-90a0-ee63e1c9eb66,2018-03-11T17:58:56Z,zdevericksjq@canalblog.com,Zorine,Devericks
cb77cde1-adac-4f0a-ad32-c160c3c25262,2018-03-18T23:54:47Z,cmodenjr@craigslist.org,Carlie,Moden
15864360-a245-4ddd-90cc-e25cae168a91,2017-11-17T14:10:13Z,ffleotejs@google.nl,Farica,Fleote
e7ae067e-3234-40de-b308-198d07438088,2017-05-15T08:33:59Z,ekemjt@webeden.co.uk,Ezri,Kem
d78adbf8-c620-4b12-8f6d-08c4fb76530e,2018-03-25T21:00:19Z,lsiddellju@yolasite.com,Lothario,Siddell
5f58897c-70a6-4466-b0ea-19e7944e1970,2018-03-04T23:53:16Z,jpepperilljv@digg.com,Jennette,Pepperill
45b5867c-eb50-4990-a15e-57010c7a4eb4,2017-09-04T17:20:15Z,arosejw@hatena.ne.jp,Ashby,Rose
c3bb20d5-61da-4b98-851b-e48ad49c82de,2017-12-05T20:45:42Z,hleeburnjx@cdc.gov,Hyacinthe,Leeburn
c1caef80-eb1b-4fde-ac77-8ceb0152dafd,2017-08-13T02:46:51Z,acicchitellojy@prnewswire.com,Amalea,Cicchitello
930d2d6a-71a6-4f75-b2fa-a7662c49c533,2017-05-29T21:46:37Z,pfirmagejz@virginia.edu,Pauline,Firmage
50a13731-9bc1-47b0-b72d-4ea437177a96,2017-07-31T22:52:47Z,zfurnivalk0@cmu.edu,Zacharia,Furnival
f427a525-6fb7-4cfc-bcb4-fda3fa221a22,2017-10-29T02:11:26Z,jswallowk1@globo.com,Jerad,Swallow
25ada1ff-074a-4037-985f-b541f5d3e840,2017-06-17T06:02:09Z,bcannyk2@wikispaces.com,Brande,Canny
ee8f7e5b-d29e-40ef-a8ba-fd31426c536b,2017-09-07T03:12:32Z,bilchukk3@whitehouse.gov,Berti,Ilchuk
56d9c57c-c6f9-4e70-95a5-043c29cad7fa,2017-06-27T03:09:34Z,ewallworkk4@jiathis.com,Elaine,Wallwork
07ddf4b6-73d6-479f-a7b6-44b92c74d891,2017-07-01T05:51:24Z,acaberask5@umich.edu,Agathe,Caberas
8bd948e8-3c84-4fb2-8f71-0be79240b6e8,2017-08-22T09:47:57Z,mscudk6@amazon.co.jp,Mona,Scud
b58b91e7-6046-41dc-b566-c7e2fa3bcddb,2018-02-10T02:37:45Z,cconnealyk7@state.gov,Cynthie,Connealy
d9a4354a-c870-4c8c-951c-3c34a5fc08d9,2018-02-27T03:52:10Z,qkneaphseyk8@tuttocitta.it,Quinn,Kneaphsey
bb988a26-4143-4083-b17b-38088b6fd229,2017-07-01T10:40:46Z,shabbemak9@japanpost.jp,Stephana,Habbema
074898c4-5f38-4311-be26-4b53811dd334,2017-05-05T06:54:14Z,jboothmanka@instagram.com,Joellyn,Boothman
e6e3c9fe-5882-4812-a4ec-064c9699bc5e,2017-04-04T15:42:25Z,ndecrusekb@google.co.jp,Natassia,Decruse
f31be060-23f2-498c-a2d7-a742ae1ce008,2018-03-03T22:22:52Z,eackerykc@meetup.com,Emlyn,Ackery
3e0b040a-5bcc-417d-90f7-2879a5c1f767,2017-05-15T02:21:52Z,gcattinikd@cornell.edu,Gerrie,Cattini
aa2203eb-a927-479e-a759-689e56b0790b,2017-08-30T15:33:30Z,mgaitskillke@mediafire.com,Mildred,Gaitskill
cf64a82f-2a19-457a-aa4f-8f4291c46d5e,2017-05-28T22:29:26Z,kbeelskf@wsj.com,Karlotte,Beels
adf95cbc-21bb-49d5-a2f3-51d4a52d2199,2018-01-27T11:12:14Z,jlamerskg@abc.net.au,Jaine,Lamers
e37637f4-2905-49b4-ba64-d961342edb8c,2018-03-28T13:27:21Z,tdeekkh@omniture.com,Tyne,Deek
74899369-d9f7-48ee-add4-b18e4cbd917d,2018-01-12T05:06:07Z,mmcdowallki@soundcloud.com,Michaelina,McDowall
9e31a8ef-b8a7-44da-b388-93496ad31412,2017-09-15T07:58:06Z,rkettridgekj@ft.com,Reggie,Kettridge
663697ed-c746-4479-a2aa-77b45c4149d6,2017-06-25T09:53:47Z,bbartunekkk@deliciousdays.com,Brooks,Bartunek
25f0813e-6bd7-4605-ad6a-7d3046f6c768,2018-01-08T20:34:09Z,nculkinkl@1688.com,Nicolina,Culkin
478686c6-3afc-405e-b885-847e6d059e05,2017-05-06T08:28:43Z,ntirekm@lycos.com,Norah,Tire
2223992f-f920-47d9-89a2-32e500528aaa,2017-12-16T09:18:37Z,ppoundkn@dion.ne.jp,Pattin,Pound
38997da7-a16c-4cb9-8981-2400da520f9c,2017-08-30T13:02:38Z,mrolingsonko@blogger.com,Martin,Rolingson
df731da0-04b2-43e1-a802-bbe0ca3d8dec,2017-07-20T17:18:29Z,kskyramkp@loc.gov,Kelsey,Skyram
f6fdfdc7-1904-4c07-950c-8872eec65abe,2017-08-19T03:08:00Z,kdaudkq@admin.ch,Kristos,Daud
eb338053-b713-4298-a0e4-2f3dfa523210,2017-06-06T19:39:04Z,mstreaterkr@forbes.com,Margit,Streater
4b111a86-6114-465a-b969-4485fd4a0c5f,2017-04-03T09:16:34Z,lallowayks@prnewswire.com,Linoel,Alloway
d6e3950b-536e-40ea-9fdb-f44d03e125d3,2017-05-16T04:51:19Z,mmclanekt@imageshack.us,Maressa,McLane
e2429023-69f7-4ae4-a600-9e78c0198b9d,2017-08-14T09:16:26Z,afuzzardku@indiatimes.com,Alex,Fuzzard
636a17ac-ec43-412e-b90c-f7305030e8c4,2017-04-25T04:15:07Z,sramelkv@networksolutions.com,Shara,Ramel
6d2997f7-1663-481f-90df-409a29e7a875,2017-06-18T22:22:32Z,msmalekw@seesaa.net,Maurise,Smale
c715a2c0-da81-4fbd-af4f-823f51af2a11,2017-12-14T02:10:28Z,kessamkx@twitter.com,Korry,Essam
533419f1-3319-494d-bdbe-24e8c7b26f2e,2018-03-16T01:18:38Z,vstirgessky@addtoany.com,Vinny,Stirgess
492ad6eb-cd59-4f4e-bca6-bfa57f27d467,2017-10-11T07:18:48Z,hpirreykz@ameblo.jp,Holly,Pirrey
ecf9b09c-b8fc-4b1b-a509-045c0d29cdcc,2018-01-17T10:00:20Z,gjanjicl0@answers.com,Gail,Janjic
fd620608-7f01-4279-be95-7fd7113ab965,2018-02-19T14:20:51Z,btuxwelll1@ezinearticles.com,Benjamen,Tuxwell
6cfe1825-915c-4b96-9cd7-8996d1cf03fb,2017-10-06T10:03:43Z,mwagstaffl2@amazon.com,Marcelline,Wagstaff
6717d0e6-ed92-42f9-a0e1-7a039a53d4b0,2018-02-07T01:47:04Z,bkingsnodl3@tiny.cc,Berty,Kingsnod
ee8431d6-5036-4d91-9fe6-4dfc7854e7e2,2017-12-04T03:42:52Z,bedlinl4@ebay.co.uk,Brenna,Edlin
e0bf8b7c-84d3-4301-b285-ebf204e35d2f,2017-10-09T12:26:30Z,rbonifaziol5@dot.gov,Reuven,Bonifazio
455fe04f-c7b5-4664-8782-4bce410cc14a,2017-10-13T00:58:45Z,wkelledyl6@accuweather.com,Wade,Kelledy
58d8f420-e24e-458b-9d88-b1841a93fdc2,2018-03-28T08:40:55Z,ldwanel7@indiatimes.com,Louella,Dwane
a12ea881-746f-425a-95cb-2daaee270bdb,2017-06-18T17:00:42Z,eknowltonl8@ocn.ne.jp,Emma,Knowlton
826c9cc1-e911-4ae6-b555-dc0b44f1227e,2017-08-09T12:00:53Z,hallewayl9@canalblog.com,Hal,Alleway
b905969e-717f-4021-9b8f-bd4e4df6bba6,2018-03-07T17:00:03Z,akearlela@tinyurl.com,Ailyn,Kearle
06a04ccf-94bd-4623-8d80-c20f907dc0bd,2017-11-06T17:57:54Z,bsymmonslb@dion.ne.jp,Barb,Symmons
e930b431-0794-4fa2-a85e-0baf795fe9b9,2017-12-18T06:45:24Z,ssutterbylc@ameblo.jp,Sylas,Sutterby
82e288b3-ce91-4a5e-96dc-c47211978fed,2017-10-01T16:54:25Z,sgomesld@people.com.cn,Shepperd,Gomes
3452c232-10da-443c-9e58-ceeec0143f5c,2017-09-19T13:58:14Z,acastelle@blogs.com,Aurlie,Castel
bdf424bb-c70a-4cae-8e46-48eda343dab9,2017-09-16T06:00:37Z,bbibbielf@liveinternet.ru,Bengt,Bibbie
8d401281-8c7a-4351-ac06-03b016625edd,2018-02-02T06:33:51Z,cmacconnechielg@ibm.com,Cassandra,MacConnechie
75f8cf5e-11b5-43fc-a465-9c6184ad6eee,2017-12-05T18:26:16Z,rcrumbielh@blogtalkradio.com,Rubi,Crumbie
10deb3c1-92b0-4086-a054-b9edaf205d72,2017-07-05T07:49:14Z,dgronauerli@mlb.com,Daphne,Gronauer
741a8919-b570-4066-ac26-a5b69dc2c575,2017-11-03T08:07:57Z,sbernuccilj@360.cn,Sybila,Bernucci
c79d6cd1-7a8d-48c7-a620-c0f19e9fcddb,2018-02-01T15:53:06Z,ospurginlk@webnode.com,Odetta,Spurgin
79f06499-ca19-4a6a-9353-016dc2597e11,2017-12-19T00:52:45Z,mjordinll@java.com,Margit,Jordin
32f12c4d-4cf9-4c81-8625-20709be75da1,2017-12-08T13:34:41Z,xhuegettlm@wikimedia.org,Xaviera,Huegett
1211e882-f490-4697-a74f-b6246cd726b3,2017-11-22T10:53:01Z,kpeterkenln@4shared.com,Keefer,Peterken
1012be9b-ce2a-4fe4-9921-ad52e709e7ae,2018-03-20T02:17:17Z,gmossonlo@ftc.gov,Grissel,Mosson
621fb082-66ee-4cb9-887c-be1c6b9d96b9,2018-01-19T15:23:44Z,ccroixlp@businessweek.com,Codi,Croix
6f25e1b9-b866-48dc-a1b6-acbbfc424442,2017-07-31T04:02:49Z,cdoggartlq@apache.org,Cassius,Doggart
ff0f506d-72c1-41aa-8bbb-c6ce3e3198ad,2017-07-01T11:06:26Z,dswattonlr@icio.us,Dev,Swatton
5c4a341b-145e-46b0-b339-871f29296683,2017-06-20T14:48:34Z,bbartolomivisls@cisco.com,Burr,Bartolomivis
9697c7a8-b458-4037-991a-2387c06a8d02,2017-04-22T11:31:58Z,mallabushlt@bbc.co.uk,Malcolm,Allabush
f77e490b-6fe0-4e79-8b0a-feb3b895ff23,2018-03-16T01:12:39Z,bsimonellu@pen.io,Betty,Simonel
18c7bad0-947b-4b58-a852-cdb7604d8cc2,2017-07-19T21:43:29Z,elastlv@etsy.com,Enrica,Last
f4bfc0cf-4d5a-42b9-97fc-7b2d84aabb0b,2018-02-27T23:21:29Z,hperronelw@pen.io,Hanny,Perrone
5a7f8a2a-2f19-4639-9583-8d41c8f05f19,2017-06-12T15:43:24Z,btroaklx@themeforest.net,Brody,Troak
0eb193f9-483a-4254-9636-d2083fb5af26,2017-11-13T06:01:15Z,ccozzily@dell.com,Chelsae,Cozzi
057537ce-3d0e-49b6-b113-3f6c15455b6c,2017-09-25T10:17:49Z,dphilipeauxlz@tamu.edu,Donnie,Philipeaux
3480197c-8941-4b4b-8c75-4754bb40fa56,2017-06-17T11:34:59Z,apinkiem0@themeforest.net,Alvy,Pinkie
cd7a2ab5-3538-41a1-bbc8-6317bedb65fd,2017-12-05T10:51:04Z,kpebworthm1@toplist.cz,Kendricks,Pebworth
c16e9c81-291d-4acd-be4a-9b63b4a60aaf,2017-04-10T19:53:24Z,obarnwellm2@ask.com,Obediah,Barnwell
360b786b-dad6-45aa-b3d3-266eb4954785,2017-06-12T21:55:46Z,coldeym3@stanford.edu,Connor,oldey
6516951a-f9cb-41e5-ab6e-2aed47e2dc9d,2018-02-21T12:23:08Z,kferbrachem4@skype.com,Karisa,Ferbrache
84b257cc-3926-4923-8937-a03139f875f8,2017-06-01T14:40:17Z,idetocm5@4shared.com,Isidora,Detoc
1ce0300c-a235-4469-8eba-16e84b65a863,2018-01-17T06:49:26Z,cpoundesfordm6@opensource.org,Constantine,Poundesford
627e453d-6073-417e-98c7-aa70314082c2,2017-04-07T09:09:27Z,cloftm7@yale.edu,Clayton,Loft
b4f420b0-faff-4e82-b764-242c807d588c,2017-11-17T10:07:59Z,htripletm8@google.ca,Hammad,Triplet
29261ce5-6e99-4708-b182-35fb5d3b7be3,2017-09-07T09:08:31Z,twegenenm9@prlog.org,Thatcher,Wegenen
03aaab66-f29e-4aac-bd86-bf3abde1c745,2018-01-19T09:09:53Z,amacneilagema@fema.gov,Alidia,MacNeilage
ccdaae3d-53dc-4a80-8844-3fe534fbe107,2017-10-08T18:35:11Z,bedgettmb@army.mil,Bettine,Edgett
97fde907-c241-44a0-9e5d-35729c60bd5c,2017-09-03T12:58:48Z,swatkissmc@mapquest.com,Stephannie,Watkiss
d22b9485-78bf-47e4-8edd-74bb1b3fc97e,2018-01-12T18:21:36Z,nfathersmd@bloglines.com,Noak,Fathers
510d29d9-c25d-41fd-8f66-5ac085b4fc58,2017-06-05T15:37:03Z,lfollowsme@apple.com,Lars,Follows
f696ed47-6d70-4529-b21b-400411ef8fba,2017-10-21T20:14:21Z,lzoellnermf@jimdo.com,Lorri,Zoellner
f8408b4d-b5b3-4cf3-8a55-c19581741289,2018-01-11T03:26:18Z,dwaughmg@gravatar.com,Dene,Waugh
3a6435d7-b697-4508-8050-e0683ea2515a,2017-11-06T21:06:34Z,ssondonmh@php.net,Selene,Sondon
c352c575-8d48-41a5-bc71-8e7ed07d63ba,2018-02-16T02:36:13Z,gvirrmi@apple.com,Garry,Virr
e651fa26-bdca-41b1-ba0d-acefc3a850a3,2017-11-05T15:32:10Z,mflatleymj@163.com,Mag,Flatley
79625b22-258e-42db-a6bf-c34abc64e71c,2018-02-21T13:00:06Z,dongmk@who.int,Davey,Ong
7c901ff1-1993-4ae1-acb1-2c59e5a97e71,2017-04-06T19:31:36Z,csackerml@goo.gl,Corney,Sacker
df2d0dd0-2c37-4b5a-a013-40e833e89df7,2018-03-21T14:12:05Z,fcowinsmm@hostgator.com,Felisha,Cowins
98cad7e3-dc3d-4407-92a9-c46b2bfc4388,2017-11-29T08:23:16Z,nohrtmn@usatoday.com,Nobie,Ohrt
bb2c0618-8807-49d7-9766-27a28c6b1b82,2017-07-06T19:37:00Z,spetaschmo@oracle.com,Shoshana,Petasch
d5c7e381-1241-4a0e-8f12-272000698db0,2017-05-13T12:04:37Z,jwheldonmp@topsy.com,Johnny,Wheldon
9e0ee12c-d1f5-4055-be85-17ab295f6d84,2017-06-27T08:10:16Z,mailmermq@cafepress.com,Martainn,Ailmer
be2ed707-a210-4e2d-8138-1a0e15d54fa5,2018-02-07T20:02:23Z,lthurnermr@mail.ru,Livy,Thurner
bfe837d0-f420-4971-b511-b1b3c76781ad,2017-11-03T00:12:26Z,dcavanaghms@surveymonkey.com,David,Cavanagh
34ab1a2c-867f-4f6b-b5b9-775e4caa6530,2017-05-26T21:20:11Z,dmedlandmt@yale.edu,Domenic,Medland
02b5758a-466d-4348-bccc-3ceb3497e18d,2017-06-01T09:48:00Z,cbrumu@storify.com,Colin,Bru
57072712-e105-4215-baec-4672d5ee9f77,2017-10-30T01:15:15Z,lpinksmv@webnode.com,Loralie,Pinks
d34b0829-7b33-4c7b-9c7e-10ffc33bd4bc,2017-11-02T15:54:41Z,ppedlermw@mapy.cz,Perkin,Pedler
d890be2f-7f2a-4390-850d-4e183e65423b,2018-02-22T10:38:51Z,mcharnickmx@nyu.edu,Matty,Charnick
c59fd928-7495-4486-8ec6-b8678debff03,2017-08-16T13:29:03Z,lgallopmy@aboutads.info,Loria,Gallop
93edba79-86fc-495a-b5ef-e675914a7bc9,2018-01-11T10:47:41Z,msamwaysmz@google.de,Moritz,Samways
18cbbcd8-0c5f-4b54-b44e-4d05e8dfd221,2017-06-20T02:05:18Z,ldomenichellin0@comsenz.com,Layton,Domenichelli
9321b932-8828-4680-8b70-f82afc0b5b76,2017-08-13T07:01:42Z,dsurteesn1@utexas.edu,Deb,Surtees
9f090319-d450-4a02-853c-481434dbff7d,2017-10-02T17:59:26Z,lcasinn2@chicagotribune.com,Lorena,Casin
8c13b87c-2576-48fc-9608-68222834151c,2017-11-30T00:58:53Z,ckezarn3@google.ru,Chalmers,Kezar
e1ab0fea-d76c-44ee-8305-2ed6573bb403,2017-09-16T05:56:48Z,pmartinellon4@usnews.com,Phip,Martinello
7ac6ffff-7d8a-4d21-8151-925ecf5ee7c6,2018-01-08T08:02:32Z,rantushevn5@thetimes.co.uk,Roberta,Antushev
14491654-d30f-4386-a1b3-f39aa7852d7f,2017-05-10T17:29:24Z,jdowbakinn6@theglobeandmail.com,Jereme,Dowbakin
a96f6ffb-dec0-4dd2-9c9f-f481911c8a5b,2017-07-10T04:31:58Z,snancen7@ted.com,Sarah,Nance
90d35289-8444-4a4b-b4fb-b8399be6ecb7,2017-11-23T19:28:29Z,fzaczekn8@un.org,Floria,Zaczek
55659f50-f794-4456-a748-b511a40decf0,2017-09-17T11:06:28Z,cvancasseln9@illinois.edu,Catrina,Van Cassel
69b27c9f-c42e-4c52-a756-a4119f4b1186,2017-06-12T12:25:49Z,rpoultneyna@dailymail.co.uk,Riva,Poultney
4222355f-97f8-4fd9-ba89-c2551c76fbe6,2018-03-04T21:25:04Z,ilefeuvrenb@cnbc.com,Isidoro,Le feuvre
263aa543-b9c2-471f-82d6-0db24ee816d9,2017-11-26T07:42:29Z,wmaccolmnc@constantcontact.com,Wain,MacColm
a56db9a6-33f9-4a25-977b-2578ac012688,2017-04-23T06:08:27Z,wfrekend@bluehost.com,Winnie,Freke
31bdd384-1408-4354-a1e4-2cef18813d2d,2017-10-07T00:20:02Z,kfealyne@bigcartel.com,Kathleen,Fealy
436b32f4-84a1-45e0-b3e5-4f5982626e46,2018-01-16T08:57:22Z,gbrickdalenf@google.ru,Gideon,Brickdale
d866fd90-7fc3-43a3-9010-ec430a1704bc,2017-09-02T11:12:01Z,nchristyng@topsy.com,Nicolis,Christy
d170af16-4701-40b0-a189-dc1c39ac2c9b,2017-07-30T02:07:35Z,mwickettnh@ox.ac.uk,Matthias,Wickett
8d8d2c79-d615-4cc2-b476-d12eea26279d,2017-11-05T18:29:40Z,miiannonini@apple.com,Meredeth,Iiannoni
33486f51-256a-4d5d-8df2-f8aea9f04878,2017-08-19T03:47:34Z,mhryskiewicznj@google.ca,Meryl,Hryskiewicz
c5d52baa-71aa-4655-bae3-74f1acaaddd1,2017-11-16T10:44:44Z,harnullnk@loc.gov,Henriette,Arnull
52ca8484-afe0-4d6d-b551-b42fa4084659,2017-06-25T15:26:14Z,kyoudenl@addtoany.com,Kelley,Youde
f8f0fe3b-73da-4d74-8ffe-917c42f9fa35,2018-04-01T13:45:25Z,dduiguidnm@princeton.edu,Darcy,Duiguid
aa4c94bf-b739-434a-8a7d-18795b9f120a,2017-10-04T18:29:43Z,akumaarnn@wordpress.org,Annalise,Kumaar
d8283d20-fdf2-4390-a2b6-a8c5d56f357d,2017-04-26T02:41:05Z,rlethibridgeno@businessweek.com,Ransom,Lethibridge
a9f01f7f-1b1a-4bad-91c0-0a704a58897f,2017-07-11T01:47:00Z,kduffreenp@netscape.com,Karin,Duffree
92979e45-7d57-402a-af02-5816c0d353e0,2017-09-25T06:32:19Z,acroomenq@amazonaws.com,Annadiana,Croome
afc346db-a811-4a69-acea-0cace2fa82c6,2018-02-26T08:35:44Z,cviveashnr@newsvine.com,Cesaro,Viveash
fc410d83-9b52-4e6b-93a8-cef3815b2534,2017-06-15T11:53:57Z,ssmalens@a8.net,Sasha,Smale
a7d7323c-638a-4cff-9337-903b5fa11f2c,2017-09-28T18:15:08Z,nkelsont@google.ru,Nadeen,Kelso
8d502ce7-5a00-4063-a378-9949bd834c2a,2018-02-28T16:48:25Z,speeknu@cdc.gov,Steward,Peek
cc31def4-4e6b-4c74-b7b6-2b6c7495e995,2017-04-14T10:17:28Z,jnicholasnv@webmd.com,Jerrie,Nicholas
a463f61b-e0ca-4133-a34e-3a9f87fbb453,2017-07-03T05:32:37Z,mdeardsnw@answers.com,Maryrose,Deards
66e6152a-2f4d-4e3f-b922-26d31232b992,2017-07-29T17:28:14Z,gbedinnx@washington.edu,Grete,Bedin
b4c82e84-b320-4a01-a9d0-debb483ab606,2017-11-09T23:29:27Z,awinwardny@archive.org,Adlai,Winward
3dba22ee-a189-4a20-bfcb-12491e0e6cdf,2017-05-04T19:22:23Z,iscotchmoornz@sun.com,Ianthe,Scotchmoor
1a7fd633-6d60-476e-a48e-ec238b68be0d,2018-03-30T20:09:47Z,kcunniffeo0@businessweek.com,Kristofor,Cunniffe
501b5619-6abb-45a1-bc74-fbf29ee43ec2,2017-07-04T08:42:47Z,spickleso1@upenn.edu,Skipton,Pickles
505d2ae6-5ebe-4389-b62e-1e8cabe8e7af,2018-02-05T15:47:36Z,awrigleyo2@timesonline.co.uk,Alleyn,Wrigley
deb56e3c-8c52-40a4-afd3-bf7b0ceb1109,2017-06-09T22:29:10Z,rcheshiro3@usnews.com,Rianon,Cheshir
7483d3cf-2b43-479c-af7b-d0b6d046f3ec,2018-02-24T13:11:08Z,gitzchakio4@cargocollective.com,Gabriele,Itzchaki
028999af-f3fb-4adc-9697-f44616f27de4,2017-08-10T15:01:12Z,rseillero5@go.com,Rebeca,Seiller
bda13bb1-51ca-4bb4-8ee4-1cad47cd7ee1,2017-09-08T07:54:43Z,inodeso6@myspace.com,Isadore,Nodes
dd1df556-0d69-41a2-9ddd-2654622db62a,2018-01-19T18:32:51Z,afloato7@purevolume.com,Armando,Float
ec5a0594-64e1-4ae0-8371-604f1a61cc0f,2017-05-30T13:16:43Z,kloweso8@hatena.ne.jp,Kathe,Lowes
aabe526c-892b-42ac-95b0-639ad78b2ed5,2017-04-26T01:15:43Z,acheesmano9@tinypic.com,Andree,Cheesman
335d39b5-d690-47b1-b084-5421e26df40a,2017-05-29T19:21:20Z,cpenleyoa@icio.us,Caesar,Penley
cac5c857-3701-4c33-ba1d-ef4586407ece,2018-02-07T23:19:35Z,hfullerdob@google.nl,Horacio,Fullerd
a975979c-f2f2-4d11-b14a-da206b7d1532,2017-09-17T02:35:37Z,qlaitoc@house.gov,Quintana,Lait
252217b6-4529-49b5-b92a-5c2b5251fba4,2017-09-17T20:18:00Z,lmccrowod@weather.com,Lonni,McCrow
462f96e9-67bf-42c7-87c2-f60d643eb1dc,2017-10-27T16:56:00Z,mcundoe@sciencedirect.com,Maury,Cund
db0a7812-e996-410e-bacd-411f308197db,2018-03-27T15:22:27Z,kgerckensof@diigo.com,Kath,Gerckens
a7eb3af5-978a-4a7e-90e8-aa037050fc25,2017-07-29T21:13:38Z,lhammerbergog@google.com.hk,Lilia,Hammerberg
96e90945-3505-405d-a267-1428b0db96ec,2017-12-19T11:02:30Z,bwhitesonoh@cocolog-nifty.com,Bondon,Whiteson
c1427579-06bb-46e9-8cd9-f018591b2e2d,2017-07-15T21:05:38Z,jdalessandrooi@phoca.cz,Jerrome,D'Alessandro
c37db717-f9f7-4ef9-b842-5fc5dc87b2ba,2017-06-05T17:36:24Z,mpickeringoj@wikispaces.com,Margaux,Pickering
a199876a-0d39-4a74-9ffe-dc4136460645,2017-09-08T15:45:11Z,cbourcqok@ucoz.com,Carolyne,Bourcq
0707acc8-9296-486b-850f-019cda945820,2017-04-17T02:46:17Z,slefortol@themeforest.net,Sara-ann,Lefort
40ba6459-a302-4875-a69b-f51afe98e920,2017-08-25T23:08:18Z,rmallettom@webmd.com,Ray,Mallett
7d59ee0b-610f-454f-8c10-cddf9f3e2255,2017-12-14T17:04:42Z,cjennaroyon@yellowpages.com,Chris,Jennaroy
c44c56f9-a229-4c8c-b1e6-b31c83bbb8e9,2018-02-22T05:31:43Z,flealloo@hc360.com,Frasco,Leall
9eef5cd5-b998-4159-aefd-b00d806cf8e6,2017-05-25T10:21:48Z,agarratop@google.de,Archie,Garrat
5f93fc45-bce7-413a-983e-1e4673f61f86,2017-07-08T15:08:50Z,nsibleyoq@360.cn,Nevile,Sibley
69b782f8-eeb2-4370-8147-273b4a58e848,2017-04-15T19:26:59Z,xbodicamor@technorati.com,Xaviera,Bodicam
e34d58a3-bdff-4306-9911-8bad110c8967,2017-04-21T13:08:31Z,vwiddowesos@imageshack.us,Valentino,Widdowes
78cdba8d-06a8-4820-a0b0-8d65d6c4f458,2017-06-27T14:06:11Z,csanciasot@redcross.org,Colleen,Sancias
ef22f9b3-42c1-4e21-866e-a30423af6bc2,2017-07-06T07:09:32Z,lsimaoou@imageshack.us,Lorrie,Simao
826d0909-91ef-4cf5-8232-95bb2ac3115b,2018-03-24T02:21:58Z,lwedgwoodov@mac.com,Lou,Wedgwood
032ffed5-fc72-4014-aa51-a232a9265a75,2017-09-08T01:04:15Z,jmcreathow@npr.org,Jaquelyn,McReath
31bc6fe6-0860-4183-989f-4c97f4bbbec7,2017-10-07T18:56:43Z,fmacconnelox@de.vu,Francyne,MacConnel
7358997f-718f-43c2-bb34-8e7e5c0b77ab,2017-06-25T04:06:49Z,mdelisleoy@answers.com,Mirelle,De L'Isle
22324416-6f6d-4bbf-90b1-61131d450a83,2017-06-25T20:37:58Z,bmcmurrayoz@jimdo.com,Brianna,McMurray
34f0b4ec-fd3a-4248-b4cf-2e6be730edc0,2017-05-26T16:23:17Z,pcrossleyp0@rediff.com,Pauly,Crossley
91042e5e-a8e7-4f12-9f56-89dee7dc86de,2017-12-22T21:36:40Z,bmcbeithp1@reuters.com,Brunhilde,McBeith
f799c51d-4d7b-4ee1-bc9a-2c03000837eb,2017-12-25T09:29:54Z,lkyngdonp2@mapy.cz,Leda,Kyngdon
e80bfb9b-cc57-4d06-adea-0f75700d7907,2018-02-09T07:48:37Z,iklostermanp3@creativecommons.org,Ingar,Klosterman
5b83cdc9-6692-4c15-bc09-f1a043c50a75,2017-12-28T22:44:24Z,csansunp4@redcross.org,Carma,Sansun
0395998d-e930-4110-9134-cb1b043ff12c,2018-03-10T06:09:50Z,mmassowp5@unblog.fr,Marti,Massow
a0bcea35-5955-4a70-91b0-b7e5036e21f8,2017-08-01T21:03:24Z,sschadep6@last.fm,Susana,Schade
82334392-87e3-44a9-a71e-9296daeec876,2018-01-25T19:09:14Z,hautenp7@imdb.com,Hadleigh,Auten
c1880f68-6162-4aeb-acda-f905021788ed,2017-12-16T16:57:12Z,hrassmannp8@webnode.com,Hector,Rassmann
8d9ec236-d970-408a-a1d2-5db6f6ddb0e3,2018-01-01T15:10:49Z,mcuruclisp9@xrea.com,Modesty,Curuclis
11fdb7bc-3da0-4bf1-b9e8-2f50797b60f2,2017-12-22T10:44:25Z,bsalsbergpa@flickr.com,Burton,Salsberg
5dbbaa3f-0224-4dc5-9c8c-51a30e2556d3,2018-01-25T20:52:57Z,lattersollpb@wikipedia.org,Luce,Attersoll
49c2e764-c3b7-4003-9240-02ddfb4df1b6,2017-10-19T02:49:15Z,rtaylersonpc@bizjournals.com,Rhody,Taylerson
1109e854-2444-41b7-9452-7e89ad0e405b,2017-12-28T02:02:27Z,ffeldmesserpd@upenn.edu,Farrel,Feldmesser
6f02c402-673f-4619-910b-d563c41c6a97,2017-04-03T12:45:18Z,kastillpe@umn.edu,Katti,Astill
541bd02e-b477-4e7d-b2a6-97e763310454,2018-03-12T15:25:48Z,charversonpf@nih.gov,Clarke,Harverson
54dfe963-bce0-46c8-a987-4c13f0bcfb7f,2017-07-05T20:59:03Z,bfogelpg@php.net,Burch,Fogel
71264eef-31ec-4322-a8cf-8e4487b0c0cb,2018-01-22T16:53:55Z,asickamoreph@cnet.com,Arvie,Sickamore
db6c9b2e-31dd-4fbc-962a-7cb7f8bdc99a,2018-02-09T04:17:29Z,dbutlerpi@reuters.com,Duncan,Butler
b60f2650-0b59-4729-a57f-68afdac9dcb8,2017-05-21T19:35:58Z,sholdrenpj@google.cn,Sarita,Holdren
2835be76-198e-4f05-a46c-4ba8e58ffc2e,2018-01-17T21:53:45Z,johanessianpk@nature.com,Jolee,Ohanessian
5473cdd8-eab0-4ace-8453-e3c924dd9a9d,2017-05-27T00:58:38Z,dsprostonpl@booking.com,Deane,Sproston
6038a50e-e4eb-461b-b29b-63c385692ed2,2018-01-30T04:01:46Z,mrumfordpm@desdev.cn,Marena,Rumford
d63115b3-02db-4b14-837a-4decbf3110f8,2017-04-21T05:00:33Z,lstiffpn@cbsnews.com,Leo,Stiff
967bbc16-3278-4201-b1c9-ba1bca416bd2,2018-02-28T05:04:58Z,lsheavillspo@businessinsider.com,Lexie,Sheavills
595f6d65-28bf-4a60-9511-42e8f0517f26,2018-01-28T02:22:05Z,acoppopp@vistaprint.com,Aguie,Coppo
33c80aab-43a9-4f80-89c3-0409ac75a54e,2017-05-12T23:10:19Z,cpurselowepq@amazonaws.com,Cristine,Purselowe
9ead714e-ab2c-48ff-a457-e7fdae3ec4ef,2017-09-24T09:07:03Z,dfeelypr@symantec.com,Dalia,Feely
3c28eae4-6ff9-4303-8e6a-c7bff6bb29f7,2017-08-21T19:38:58Z,ekemsterps@dion.ne.jp,Erwin,Kemster
44e5a5a3-6bfa-4711-83b0-aba6da9198a0,2017-07-24T21:50:18Z,utintopt@dailymotion.com,Umeko,Tinto
834477d3-0908-446d-b169-0174c90949a5,2017-09-23T14:38:47Z,cmccuishpu@t.co,Chickie,McCuish
83c8693b-2234-48fb-9be1-7856db6ca5b0,2017-08-17T18:29:14Z,msharppv@wp.com,Mireille,Sharp
766acd7c-b2b9-49ef-a35c-e90bb10eec9f,2017-08-31T17:39:48Z,bhamnettpw@angelfire.com,Broderick,Hamnett
c6441d14-5dea-4372-af45-54aee71b5dc3,2017-11-22T04:29:53Z,bfalconbridgepx@nifty.com,Bambi,Falconbridge
fd62fa14-e2bd-4876-8e43-c89f08872808,2018-01-01T08:10:03Z,ssheddanpy@tripod.com,Shaw,Sheddan
2fd09da4-901e-4efc-95f9-e7f459f5348b,2018-01-11T10:14:18Z,hkeatspz@163.com,Heinrick,Keats
803396a2-aebc-4fb0-a926-f1d285dac683,2017-04-11T21:26:54Z,hrobertsonq0@networkadvertising.org,Harmonia,Robertson
e722a6f3-7085-48bc-bdd6-f6a396d07898,2017-07-11T05:13:44Z,pphebyq1@google.co.jp,Phillie,Pheby
6d2d3109-f578-43fd-974e-caccf0a450f3,2017-10-20T03:35:56Z,dcritzenq2@sciencedaily.com,Dougie,Critzen
b6eb14d1-699d-478a-89f3-f31793012ccb,2017-11-27T05:02:57Z,ijakubovitsq3@opera.com,Innis,Jakubovits
6be35efd-dd81-4efc-aa28-44bc4e3bdd5f,2017-10-16T03:11:28Z,dkubatschq4@usgs.gov,Doris,Kubatsch
841dd101-1430-40f5-bebe-bb36c7c19c2c,2017-10-29T04:52:11Z,dadamiq5@earthlink.net,Darya,Adami
309b9c91-f810-4c17-b3aa-d0a0e692ae1d,2017-10-19T20:50:07Z,knoteq6@xinhuanet.com,Kizzee,Note
fd872c19-b820-40df-8906-8f79015955d5,2017-07-11T02:09:41Z,hhansardq7@psu.edu,Hillyer,Hansard
4528f042-bacb-45ae-88a2-c8cefe29c452,2017-04-06T21:09:38Z,dcandelinq8@edublogs.org,Dennie,Candelin
b0dd3f05-b8a7-40ab-aeee-90056a5f0f3a,2017-09-23T01:08:18Z,jphliponq9@is.gd,Jermaine,Phlipon
e871d777-e15c-4224-bcd6-4911f06a4513,2017-10-24T01:36:13Z,cgerokqa@last.fm,Connor,Gerok
2fad9715-0a0d-4770-b4c2-a94d6d8c7f20,2017-11-10T18:19:47Z,csinnockqb@home.pl,Charita,Sinnock
b65d3054-4aac-4367-8c33-012bdc8b06f1,2018-01-25T03:12:30Z,tfilyashinqc@jugem.jp,Thom,Filyashin
13e95ad5-3f13-4313-b3b0-c50fb9914c70,2017-12-09T03:02:16Z,tkerwenqd@cbc.ca,Tilda,Kerwen
fbd2bad6-9b93-4a5c-8bc1-4daae9e11395,2017-08-07T01:44:37Z,jberkqe@geocities.jp,Jeremiah,Berk
acd9f800-e10f-4602-a911-46ae8d6c9072,2017-08-31T14:54:26Z,fhellekerqf@sina.com.cn,Felice,Helleker
5f9d0883-deec-4bef-bb79-122e1a162ef8,2018-02-03T15:22:59Z,crumgayqg@nih.gov,Cathee,Rumgay
4a025bdb-eb68-4ea8-9b77-7aa068c698ab,2017-09-03T20:02:38Z,ceggertonqh@newyorker.com,Cristie,Eggerton
ae04015f-5884-4eb4-b844-020e256d6754,2017-10-13T16:12:55Z,srankmoreqi@senate.gov,Skipton,Rankmore
aef1d6a7-2daf-4df0-8210-961c9dd11bf0,2017-11-12T14:07:04Z,sgroveqj@fema.gov,Saunders,Grove
215bfdb0-5494-434a-850c-ceb5d238194b,2018-02-24T17:11:35Z,hlurrimanqk@last.fm,Hermann,Lurriman
fe86498b-8865-4831-905f-9c31563da55e,2017-04-27T03:50:35Z,vpartrickql@yahoo.co.jp,Vyky,Partrick
f8e9a1bf-9272-4852-a3b3-c8db03198b2d,2017-04-11T17:52:06Z,lleydonqm@youku.com,Ludwig,Leydon
74bf549e-57aa-4c5d-b850-94ce8401ce2f,2017-08-08T05:31:12Z,obesantqn@mayoclinic.com,Opalina,Besant
fe8b818d-d3e2-4b14-b221-a4b147d6eade,2017-06-29T09:05:04Z,msatterleeqo@slate.com,Margette,Satterlee
e97c10f7-1a1c-45d1-976c-ddd315e5a99d,2017-04-03T01:37:45Z,mzimaqp@hp.com,Mata,Zima
506aa071-aac3-4d31-9cba-7e2bb426f230,2017-09-15T23:45:48Z,joakinfoldqq@ifeng.com,Jorrie,Oakinfold
896bd9b4-6850-4ae0-b126-26c755d90978,2018-02-05T21:25:56Z,wgaraghanqr@surveymonkey.com,Willy,Garaghan
e1fd8fce-c152-4349-9227-7709f5657e53,2017-05-14T21:33:23Z,mforstallqs@lulu.com,Maryl,Forstall
422ce582-50e0-4fd9-85b8-d99d0db2b676,2017-09-17T05:23:04Z,cdaglessqt@infoseek.co.jp,Corly,Dagless
67530802-d84a-4087-91d7-eaf33d9caf4e,2017-06-29T17:44:11Z,ntapnerqu@sina.com.cn,Nisse,Tapner
9715f0ed-6d16-4a99-b24b-8f7b3719183c,2017-06-24T04:02:32Z,aokellqv@nyu.edu,Antoine,Okell
6e902095-afb6-4398-b10e-23e1b7521ac2,2017-12-21T17:22:29Z,nbissettqw@eventbrite.com,Nessy,Bissett
4ee13374-f99f-41d5-928a-9a456565bd40,2017-05-05T18:42:35Z,mrosoniqx@techcrunch.com,Morley,Rosoni
438c223e-7017-466a-a2fa-3c4d1e03babb,2017-11-15T19:55:58Z,sscipseyqy@si.edu,Sara,Scipsey
08b0abd4-3276-4414-9be4-c9856ce26965,2018-01-21T21:03:32Z,swaitingqz@4shared.com,Shaylah,Waiting
7a7f8df7-6a4f-4bb0-a967-b337c6018a75,2018-02-06T12:41:34Z,jgreenheadr0@cbslocal.com,Joana,Greenhead
9a61fddf-162d-470b-beb1-2e8a8f632301,2018-01-13T22:02:39Z,smullanr1@boston.com,Shelby,Mullan
04e046a1-7274-48b2-8b80-d3cbf46cdbe1,2018-03-08T01:22:32Z,plemmensr2@people.com.cn,Piper,Lemmens
9ece78d7-6af0-4c66-bd29-b3e40d134870,2018-01-26T04:48:12Z,wbohanr3@sourceforge.net,Woodman,Bohan
b5d6ce46-f18f-439c-a40a-cbb2d7ee58a1,2018-03-23T23:01:12Z,kmccandier4@timesonline.co.uk,Kellen,McCandie
38f61f75-bfba-407b-bfef-7a5d9092e978,2017-04-12T11:40:54Z,vjollissr5@google.nl,Venita,Jolliss
6aeb1239-3d8f-47e8-83aa-23b1a7c55cc4,2017-04-17T20:47:04Z,tquakleyr6@google.com.au,Thom,Quakley
2bc7d11e-4a7a-4397-a5c6-b6203bf081d5,2018-01-15T07:07:42Z,bravenhillr7@unicef.org,Bendite,Ravenhill
b0b694be-b3ff-4ff3-9260-4450b3827942,2017-08-06T19:06:35Z,ttestinr8@google.de,Tamra,Testin
0b2992dd-e1dc-40bc-92f5-de3acc993c49,2017-05-29T00:19:33Z,ewincer9@mapy.cz,Esra,Wince
75b18359-4452-40a3-bb0a-4af1a1c7d8ed,2017-12-11T15:51:43Z,ssertinra@google.com.au,Sutherlan,Sertin
403bc081-457c-457a-b094-1b160f2d742e,2017-12-13T06:13:21Z,wdebullionrb@mediafire.com,Wye,de Bullion
da9f3ccb-9629-420e-a928-801b16ef15db,2018-02-08T19:12:16Z,mshadfourthrc@google.ru,Matias,Shadfourth
4ff7e68e-41e6-4a0d-8ffd-cb0714a112bf,2017-09-10T15:39:24Z,wledwichrd@state.gov,Walker,Ledwich
0eaa39cb-d586-4242-b23e-7e9c19a556af,2017-07-24T07:29:24Z,ijohanningre@booking.com,Isahella,Johanning
1c5b01ef-9648-47c6-a77f-dc6250a72445,2017-08-16T12:53:53Z,egarrowayrf@bbb.org,Edgardo,Garroway
535bbf68-4e56-4792-ae83-021223dc9d2b,2017-06-11T06:17:09Z,ppedrocchirg@is.gd,Piggy,Pedrocchi
e43af358-cd27-4472-b4e9-82033efd466a,2018-02-25T08:55:33Z,mfritchleyrh@census.gov,Madeleine,Fritchley
c1048687-1082-48a3-b3c3-1dbef6e36b0a,2017-06-29T02:59:58Z,jwearri@yolasite.com,Jemimah,Wear
0997ed9e-6a03-4904-b718-9703c3294e8b,2017-12-19T14:24:43Z,ehacardrj@google.com.hk,Edythe,Hacard
7b8e368b-8789-4aab-97b2-32e26059b627,2017-08-27T20:54:18Z,hlearmanrk@deliciousdays.com,Hervey,Learman
af24b13a-a658-43b6-8b41-9757ff375941,2017-10-16T04:54:13Z,jbestrl@mtv.com,Joell,Best
c8571ec9-1d99-4dd7-ad71-02433ec50513,2017-11-17T01:54:59Z,ybartellirm@seattletimes.com,Yoshi,Bartelli
866e9d6d-75fb-4436-b236-8e20bcdae173,2017-08-18T08:59:19Z,cfruishrn@intel.com,Carline,Fruish
2bdb48fc-49de-4c7f-9546-70480172ca2b,2017-08-12T00:17:50Z,gsawnwyro@exblog.jp,Guido,Sawnwy
398990ca-899c-4292-98d3-3e1cfc19b426,2017-08-11T05:32:02Z,edrabblerp@posterous.com,Emmett,Drabble
2af1430d-8248-4f6e-80c0-dd5ee0719456,2017-11-08T09:09:50Z,mleytonrq@homestead.com,Morgun,Leyton
19886d7d-33e4-4282-a84f-a0427d214756,2017-04-07T01:33:31Z,dbrosirr@tamu.edu,Doti,Brosi
